molecule_chembl_id,canonical_smiles,standard_value
CHEMBL2396992,Cc1[nH]c2cc(Cl)cc(Cl)c2c1CCN,155000.0
CHEMBL3218635,CC(C)[C@@H]1NC(=O)[C@@H](CC(N)=O)NC(=O)[C@H](CCCNC(=N)N)NC(=O)[C@H](CCCNC(=N)N)NC(=O)[C@H](Cc2ccc(F)cc2)NC(=O)[C@H](Cc2ccc(O)cc2)NC(=O)[C@H](CCC(N)=O)NC(=O)C[C@@H](CCc2ccccc2)NC(=O)[C@@H]2CCCCN2C(=O)C(=O)C(C)(C)COC1=O,1200.0
CHEMBL3218636,CCCC[C@H]1NC(=O)[C@@H](Cc2ccc3ccccc3c2)NC(=O)[C@@H](Cc2ccc3ccccc3c2)NC(=O)[C@@H](CCCCN)NC(=O)[C@H](CCCNC(=N)N)NC(=O)[C@H](Cc2ccc(F)cc2)NC(=O)[C@H](CCC(N)=O)NC(=O)C[C@@H](CCc2ccccc2)NC(=O)[C@@H]2CCCCN2C(=O)C(=O)C(C)(C)COC1=O,10000.0
CHEMBL3218637,CC1(C)COC(=O)[C@H](Cc2ccccc2)NC(=O)[C@H](CCCNC(=N)N)NC(=O)CNC(=O)[C@H](Cc2ccc(O)cc2)NC(=O)[C@@H](Cc2ccc3ccccc3c2)NC(=O)[C@H](CCCN)NC(=O)[C@H](CCC(N)=O)NC(=O)C[C@@H](CCc2ccccc2)NC(=O)[C@@H]2CCCCN2C(=O)C1=O,1800.0
CHEMBL3218638,CC(C)C[C@@H]1NC(=O)[C@H](CCCNC(=N)N)NC(=O)[C@H](CCCNC(=N)N)NC(=O)[C@H](Cc2ccc(O)cc2)NC(=O)[C@H](Cc2ccc(F)cc2)NC(=O)[C@H](CCCNC(=N)N)NC(=O)[C@H](CCC(N)=O)NC(=O)C[C@@H](CCc2ccccc2)NC(=O)[C@@H]2CCCCN2C(=O)C(=O)C(C)(C)COC1=O,200.0
CHEMBL3218639,CC1(C)COC(=O)[C@H](Cc2ccccc2)NC(=O)[C@H](CCCNC(=N)N)NC(=O)[C@H](Cc2ccc(O)cc2)NC(=O)[C@@H]2CCCN2C(=O)[C@H](Cc2ccc(O)cc2)NC(=O)[C@@H](Cc2ccccc2)NC(=O)[C@H](CCC(N)=O)NC(=O)C[C@@H](CCc2ccccc2)NC(=O)[C@@H]2CCCCN2C(=O)C1=O,10000.0
CHEMBL3218640,CC(C)C[C@@H]1NC(=O)[C@H](CCC(=O)O)NC(=O)[C@H](c2ccccc2)NC(=O)[C@@H](Cc2ccccc2)NC(=O)[C@H](CCCN)NC(=O)[C@@H]2CCCN2C(=O)[C@H](CCC(N)=O)NC(=O)C[C@@H](CCc2ccccc2)NC(=O)[C@@H]2CCCCN2C(=O)C(=O)C(C)(C)COC1=O,10000.0
CHEMBL3218641,CCCC[C@H]1NC(=O)[C@H](Cc2ccc(F)cc2)NC(=O)[C@H](CCCN=C(N)N)NC(=O)[C@@H](Cc2ccc3ccccc3c2)NC(=O)[C@H](CCCN=C(N)N)NC(=O)[C@H](CCCN=C(N)N)NC(=O)[C@H](CCC(N)=O)NC(=O)C[C@@H](CCc2ccccc2)NC(=O)[C@@H]2CCCCN2C(=O)C(=O)C(C)(C)COC1=O,700.0
CHEMBL3218642,CC1(C)COC(=O)[C@H](Cc2ccccc2)NC(=O)[C@H](CCCNC(=N)N)NC(=O)[C@@H](Cc2ccc3ccccc3c2)NC(=O)[C@H](CCCNC(=N)N)NC(=O)[C@@H](Cc2ccccc2)NC(=O)[C@H](CCCN=C(N)N)NC(=O)[C@H](CCC(N)=O)NC(=O)C[C@@H](CCc2ccccc2)NC(=O)[C@@H]2CCCCN2C(=O)C1=O,1100.0
CHEMBL3218643,CC(C)C[C@@H]1NC(=O)[C@@H](Cc2ccc3ccccc3c2)NC(=O)[C@H](CCCNC(=N)N)NC(=O)[C@@H](C(C)C)NC(=O)[C@H](CCCNC(=N)N)NC(=O)[C@H](C)NC(=O)[C@H](CCC(N)=O)NC(=O)C[C@@H](CCc2ccccc2)NC(=O)[C@@H]2CCCCN2C(=O)C(=O)C(C)(C)COC1=O,2000.0
CHEMBL3218644,C[C@@H]1NC(=O)[C@H](Cc2ccc(O)cc2)NC(=O)[C@H](CCCNC(=N)N)NC(=O)[C@@H]([C@H](C)O)NC(=O)CNC(=O)[C@H](CCC(N)=O)NC(=O)C[C@@H](CCc2ccccc2)NC(=O)[C@@H]2CCCCN2C(=O)C(=O)C(C)(C)COC(=O)[C@H](Cc2ccccc2)NC1=O,2300.0
CHEMBL3577116,CCn1c(=O)c(-c2cc(NC(=O)NCCC(C)(C)C)c(F)cc2C)cc2cnc(NC)cc21,120.0
CHEMBL3577115,CCn1c(=O)c(-c2ccc(F)c(NC(=O)Nc3cc(C(C)(C)C)no3)c2)cc2cnc(NC)cc21,91.0
CHEMBL3577114,CNc1cc2c(cn1)cc(-c1ccc(F)c(NC(=O)Nc3cc(C(C)(C)C)no3)c1)c(=O)n2[C@H]1CCOC1,57.0
CHEMBL2028663,CC(C)(C)c1nc(-c2cccc(NS(=O)(=O)c3c(F)cccc3F)c2F)c(-c2ccnc(N)n2)s1,5880.0
CHEMBL1229517,CCCS(=O)(=O)Nc1ccc(F)c(C(=O)c2c[nH]c3ncc(-c4ccc(Cl)cc4)cc23)c1F,16600.0
CHEMBL3577124,CNc1ncc2cc(-c3cc(NC(=O)NCCC(C)(C)C)c(F)cc3C)c(C)nc2n1,150.0
CHEMBL3577123,CNc1ncc2cc(-c3cc(NC(=O)NCCC(C)(C)C)c(F)cc3C)cnc2n1,16.0
CHEMBL3577121,CNc1cc2nc(C)c(-c3cc(NC(=O)NCCC(C)(C)C)c(F)cc3C)cc2cn1,120.0
CHEMBL3577120,CNc1cc2nc(C)c(-c3ccc(F)c(NC(=O)NCCC(C)(C)C)c3)cc2cn1,46.0
CHEMBL3577119,CNc1ncc2cc(-c3ccc(F)c(NC(=O)NCCC(C)(C)C)c3)c(C)nc2n1,48.0
CHEMBL3577118,CNc1cc2nc(C)c(-c3cc(NC(=O)NCCC(C)(C)C)ccc3C)cc2cn1,270.0
CHEMBL3577117,CNc1cc2nc(C)c(-c3cc(NC(=O)NC[C@@H](O)C(C)(C)C)c(F)cc3C)cc2cn1,160.0
CHEMBL4072295,CC[C@H](C)[C@@H]1NC(=O)[C@H](Cc2ccc(O)cc2)NC(=O)[C@H](CC(C)C)NC(=O)[C@@H]2CCCN2C(=O)[C@@H](NC(=O)[C@H](CCCNC(=N)N)NC(=O)[C@H](CCCNC(=N)N)NC(=O)[C@H](CCCNC(=N)N)NC(=O)[C@H](CCCNC(=N)N)NC(C)=O)CSSC[C@@H](C(=O)N[C@@H](CCCNC(=N)N)C(=O)N[C@@H](CCCNC(=N)N)C(=O)N[C@@H](CCCNC(=N)N)C(=O)N[C@@H](CCCNC(=N)N)C(N)=O)NC(=O)[C@H](C(C)C)NC(=O)[C@@H]2CCCN2C(=O)[C@H](CC(=O)O)NC(=O)[C@H](Cc2ccc(O)cc2)NC(=O)[C@H](CO)NC1=O,42.0
CHEMBL4100766,CC[C@H](C)[C@@H]1NC(=O)[C@H](Cc2ccc(O)cc2)NC(=O)[C@H](CC(C)C)NC(=O)[C@@H]2CCCN2C(=O)[C@@H](NC(C)=O)CSSC[C@@H](C(N)=O)NC(=O)[C@H](C(C)C)NC(=O)[C@@H]2CCCN2C(=O)[C@H](CC(=O)O)NC(=O)[C@H](Cc2ccc(O)cc2)NC(=O)[C@H](CO)NC1=O,142.0
CHEMBL4082777,CC[C@H](C)[C@@H]1NC(=O)[C@H](Cc2ccc(O)cc2)NC(=O)[C@H](CC(C)C)NC(=O)[C@@H]2CCCN2C(=O)[C@@H](NC(=O)[C@H](CCCNC(=N)N)NC(=O)[C@H](CCCNC(=N)N)NC(=O)[C@H](CCCNC(=N)N)NC(=O)[C@@H](CCCNC(=N)N)NC(C)=O)CSSC[C@@H](C(=O)N[C@@H](CCCNC(=N)N)C(=O)N[C@@H](CCCNC(=N)N)C(=O)N[C@@H](CCCNC(=N)N)C(=O)N[C@H](CCCNC(=N)N)C(N)=O)NC(=O)[C@H](C(C)C)NC(=O)[C@@H]2CCCN2C(=O)[C@H](CC(=O)O)NC(=O)[C@H](Cc2ccc(O)cc2)NC(=O)[C@H](CO)NC1=O,82.0
CHEMBL4075048,CC[C@H](C)[C@@H]1NC(=O)[C@H](Cc2ccc(O)cc2)NC(=O)[C@H](CC(C)C)NC(=O)[C@H](C)NC(=O)[C@@H](NC(=O)[C@H](CCCNC(=N)N)NC(=O)[C@H](CCCNC(=N)N)NC(=O)[C@H](CCCNC(=N)N)NC(=O)[C@H](CCCNC(=N)N)NC(C)=O)CSSC[C@@H](C(=O)N[C@@H](CCCNC(=N)N)C(=O)N[C@@H](CCCNC(=N)N)C(=O)N[C@@H](CCCNC(=N)N)C(=O)N[C@@H](CCCNC(=N)N)C(N)=O)NC(=O)[C@H](C(C)C)NC(=O)[C@@H]2CCCN2C(=O)[C@H](CC(=O)O)NC(=O)[C@H](Cc2ccc(O)cc2)NC(=O)[C@H](CO)NC1=O,763.0
CHEMBL4084139,CC[C@H](C)[C@@H]1NC(=O)[C@H](Cc2ccc(O)cc2)NC(=O)[C@H](C)NC(=O)[C@@H]2CCCN2C(=O)[C@@H](NC(=O)[C@H](CCCNC(=N)N)NC(=O)[C@H](CCCNC(=N)N)NC(=O)[C@H](CCCNC(=N)N)NC(=O)[C@H](CCCNC(=N)N)NC(C)=O)CSSC[C@@H](C(=O)N[C@@H](CCCNC(=N)N)C(=O)N[C@@H](CCCNC(=N)N)C(=O)N[C@@H](CCCNC(=N)N)C(=O)N[C@@H](CCCNC(=N)N)C(N)=O)NC(=O)[C@H](C(C)C)NC(=O)[C@@H]2CCCN2C(=O)[C@H](CC(=O)O)NC(=O)[C@H](Cc2ccc(O)cc2)NC(=O)[C@H](CO)NC1=O,100000.0
CHEMBL4063829,CC[C@H](C)[C@@H]1NC(=O)[C@H](C)NC(=O)[C@H](CC(C)C)NC(=O)[C@@H]2CCCN2C(=O)[C@@H](NC(=O)[C@H](CCCNC(=N)N)NC(=O)[C@H](CCCNC(=N)N)NC(=O)[C@H](CCCNC(=N)N)NC(=O)[C@H](CCCNC(=N)N)NC(C)=O)CSSC[C@@H](C(=O)N[C@@H](CCCNC(=N)N)C(=O)N[C@@H](CCCNC(=N)N)C(=O)N[C@@H](CCCNC(=N)N)C(=O)N[C@@H](CCCNC(=N)N)C(N)=O)NC(=O)[C@H](C(C)C)NC(=O)[C@@H]2CCCN2C(=O)[C@H](CC(=O)O)NC(=O)[C@H](Cc2ccc(O)cc2)NC(=O)[C@H](CO)NC1=O,1730.0
CHEMBL4075783,CC(=O)N[C@@H](CCCNC(=N)N)C(=O)N[C@@H](CCCNC(=N)N)C(=O)N[C@@H](CCCNC(=N)N)C(=O)N[C@@H](CCCNC(=N)N)C(=O)N[C@H]1CSSC[C@@H](C(=O)N[C@@H](CCCNC(=N)N)C(=O)N[C@@H](CCCNC(=N)N)C(=O)N[C@@H](CCCNC(=N)N)C(=O)N[C@@H](CCCNC(=N)N)C(N)=O)NC(=O)[C@H](C(C)C)NC(=O)[C@@H]2CCCN2C(=O)[C@H](CC(=O)O)NC(=O)[C@H](Cc2ccc(O)cc2)NC(=O)[C@H](CO)NC(=O)[C@H](C)NC(=O)[C@H](Cc2ccc(O)cc2)NC(=O)[C@H](CC(C)C)NC(=O)[C@@H]2CCCN2C1=O,39300.0
CHEMBL4081818,CC[C@H](C)[C@@H]1NC(=O)[C@H](Cc2ccc(O)cc2)NC(=O)[C@H](CC(C)C)NC(=O)[C@@H]2CCCN2C(=O)[C@@H](NC(=O)[C@H](CCCNC(=N)N)NC(=O)[C@H](CCCNC(=N)N)NC(=O)[C@H](CCCNC(=N)N)NC(=O)[C@H](CCCNC(=N)N)NC(C)=O)CSSC[C@@H](C(=O)N[C@@H](CCCNC(=N)N)C(=O)N[C@@H](CCCNC(=N)N)C(=O)N[C@@H](CCCNC(=N)N)C(=O)N[C@@H](CCCNC(=N)N)C(N)=O)NC(=O)[C@H](C(C)C)NC(=O)[C@@H]2CCCN2C(=O)[C@H](CC(=O)O)NC(=O)[C@H](Cc2ccc(O)cc2)NC(=O)[C@H](C)NC1=O,764.0
CHEMBL4062018,CC[C@H](C)[C@@H]1NC(=O)[C@H](Cc2ccc(O)cc2)NC(=O)[C@H](CC(C)C)NC(=O)[C@@H]2CCCN2C(=O)[C@@H](NC(=O)[C@H](CCCNC(=N)N)NC(=O)[C@H](CCCNC(=N)N)NC(=O)[C@H](CCCNC(=N)N)NC(=O)[C@H](CCCNC(=N)N)NC(C)=O)CSSC[C@@H](C(=O)N[C@@H](CCCNC(=N)N)C(=O)N[C@@H](CCCNC(=N)N)C(=O)N[C@@H](CCCNC(=N)N)C(=O)N[C@@H](CCCNC(=N)N)C(N)=O)NC(=O)[C@H](C(C)C)NC(=O)[C@@H]2CCCN2C(=O)[C@H](CC(=O)O)NC(=O)[C@H](C)NC(=O)[C@H](CO)NC1=O,4190.0
CHEMBL4074790,CC[C@H](C)[C@@H]1NC(=O)[C@H](Cc2ccc(O)cc2)NC(=O)[C@H](CC(C)C)NC(=O)[C@@H]2CCCN2C(=O)[C@@H](NC(=O)[C@H](CCCNC(=N)N)NC(=O)[C@H](CCCNC(=N)N)NC(=O)[C@H](CCCNC(=N)N)NC(=O)[C@H](CCCNC(=N)N)NC(C)=O)CSSC[C@@H](C(=O)N[C@@H](CCCNC(=N)N)C(=O)N[C@@H](CCCNC(=N)N)C(=O)N[C@@H](CCCNC(=N)N)C(=O)N[C@@H](CCCNC(=N)N)C(N)=O)NC(=O)[C@H](C(C)C)NC(=O)[C@@H]2CCCN2C(=O)[C@H](C)NC(=O)[C@H](Cc2ccc(O)cc2)NC(=O)[C@H](CO)NC1=O,65000.0
CHEMBL4083770,CC[C@H](C)[C@@H]1NC(=O)[C@H](Cc2ccc(O)cc2)NC(=O)[C@H](CC(C)C)NC(=O)[C@@H]2CCCN2C(=O)[C@@H](NC(=O)[C@H](CCCNC(=N)N)NC(=O)[C@H](CCCNC(=N)N)NC(=O)[C@H](CCCNC(=N)N)NC(=O)[C@H](CCCNC(=N)N)NC(C)=O)CSSC[C@@H](C(=O)N[C@@H](CCCNC(=N)N)C(=O)N[C@@H](CCCNC(=N)N)C(=O)N[C@@H](CCCNC(=N)N)C(=O)N[C@@H](CCCNC(=N)N)C(N)=O)NC(=O)[C@H](C(C)C)NC(=O)[C@H](C)NC(=O)[C@H](CC(=O)O)NC(=O)[C@H](Cc2ccc(O)cc2)NC(=O)[C@H](CO)NC1=O,216.0
CHEMBL4070657,CC[C@H](C)[C@@H]1NC(=O)[C@H](Cc2ccc(O)cc2)NC(=O)[C@H](CC(C)C)NC(=O)[C@@H]2CCCN2C(=O)[C@@H](NC(=O)[C@H](CCCNC(=N)N)NC(=O)[C@H](CCCNC(=N)N)NC(=O)[C@H](CCCNC(=N)N)NC(=O)[C@H](CCCNC(=N)N)NC(C)=O)CSSC[C@@H](C(=O)N[C@@H](CCCNC(=N)N)C(=O)N[C@@H](CCCNC(=N)N)C(=O)N[C@@H](CCCNC(=N)N)C(=O)N[C@@H](CCCNC(=N)N)C(N)=O)NC(=O)[C@H](C)NC(=O)[C@@H]2CCCN2C(=O)[C@H](CC(=O)O)NC(=O)[C@H](Cc2ccc(O)cc2)NC(=O)[C@H](CO)NC1=O,105.0
CHEMBL4091553,CC[C@H](C)[C@@H]1NC(=O)[C@H](Cc2ccc(O)cc2)NC(=O)[C@H](CC(C)C)NC(=O)[C@@H]2CCCN2C(=O)[C@@H](NC(=O)[C@H](CCCNC(=N)N)NC(=O)[C@H](CCCNC(=N)N)NC(=O)[C@H](CCCNC(=N)N)NC(=O)[C@H](CCCNC(=N)N)NC(C)=O)CSCSC[C@@H](C(=O)N[C@@H](CCCNC(=N)N)C(=O)N[C@@H](CCCNC(=N)N)C(=O)N[C@@H](CCCNC(=N)N)C(=O)N[C@@H](CCCNC(=N)N)C(N)=O)NC(=O)[C@H](C(C)C)NC(=O)[C@@H]2CCCN2C(=O)[C@H](CC(=O)O)NC(=O)[C@H](Cc2ccc(O)cc2)NC(=O)[C@H](CO)NC1=O,439.0
CHEMBL4081270,CC[C@H](C)[C@@H]1NC(=O)[C@H](Cc2ccc(O)cc2)NC(=O)[C@H](CC(C)C)NC(=O)[C@@H]2CCCN2C(=O)[C@@H](NC(=O)[C@H](CCCNC(=N)N)NC(=O)[C@H](CCCNC(=N)N)NC(=O)[C@H](CCCNC(=N)N)NC(=O)[C@H](CCCNC(=N)N)NC(C)=O)CSCCSC[C@@H](C(=O)N[C@@H](CCCNC(=N)N)C(=O)N[C@@H](CCCNC(=N)N)C(=O)N[C@@H](CCCNC(=N)N)C(=O)N[C@@H](CCCNC(=N)N)C(N)=O)NC(=O)[C@H](C(C)C)NC(=O)[C@@H]2CCCN2C(=O)[C@H](CC(=O)O)NC(=O)[C@H](Cc2ccc(O)cc2)NC(=O)[C@H](CO)NC1=O,655.0
CHEMBL4099289,CC[C@H](C)[C@@H]1NC(=O)[C@H](Cc2ccc(O)cc2)NC(=O)[C@H](CC(C)C)NC(=O)[C@@H]2CCCN2C(=O)[C@@H](NC(=O)[C@H](CCCNC(=N)N)NC(=O)[C@H](CCCNC(=N)N)NC(=O)[C@H](CCCNC(=N)N)NC(=O)[C@H](CCCNC(=N)N)NC(C)=O)CSCCCSC[C@@H](C(=O)N[C@@H](CCCNC(=N)N)C(=O)N[C@@H](CCCNC(=N)N)C(=O)N[C@@H](CCCNC(=N)N)C(=O)N[C@@H](CCCNC(=N)N)C(N)=O)NC(=O)[C@H](C(C)C)NC(=O)[C@@H]2CCCN2C(=O)[C@H](CC(=O)O)NC(=O)[C@H](Cc2ccc(O)cc2)NC(=O)[C@H](CO)NC1=O,2010.0
CHEMBL4089137,CC[C@H](C)[C@@H]1NC(=O)[C@H](Cc2ccc(O)cc2)NC(=O)[C@H](CC(C)C)NC(=O)[C@@H]2CCCN2C(=O)[C@@H](NC(=O)[C@H](CCCNC(=N)N)NC(=O)[C@H](CCCNC(=N)N)NC(=O)[C@H](CCCNC(=N)N)NC(=O)[C@H](CCCNC(=N)N)NC(C)=O)CSC2=C(SC[C@@H](C(=O)N[C@@H](CCCNC(=N)N)C(=O)N[C@@H](CCCNC(=N)N)C(=O)N[C@@H](CCCNC(=N)N)C(=O)N[C@@H](CCCNC(=N)N)C(N)=O)NC(=O)[C@H](C(C)C)NC(=O)[C@@H]3CCCN3C(=O)[C@H](CC(=O)O)NC(=O)[C@H](Cc3ccc(O)cc3)NC(=O)[C@H](CO)NC1=O)C(=O)NC2=O,3920.0
CHEMBL4060952,CC[C@H](C)[C@@H]1NC(=O)[C@H](Cc2ccc(O)cc2)NC(=O)[C@H](CC(C)C)NC(=O)[C@@H]2CCCN2C(=O)[C@@H](NC(=O)[C@H](CCCNC(=N)N)NC(=O)[C@H](CCCNC(=N)N)NC(=O)[C@H](CCCNC(=N)N)NC(=O)[C@H](CCCNC(=N)N)NC(C)=O)CSCc2ccccc2CSC[C@@H](C(=O)N[C@@H](CCCNC(=N)N)C(=O)N[C@@H](CCCNC(=N)N)C(=O)N[C@@H](CCCNC(=N)N)C(=O)N[C@@H](CCCNC(=N)N)C(N)=O)NC(=O)[C@H](C(C)C)NC(=O)[C@@H]2CCCN2C(=O)[C@H](CC(=O)O)NC(=O)[C@H](Cc2ccc(O)cc2)NC(=O)[C@H](CO)NC1=O,31000.0
CHEMBL4466927,C=CC(=O)N1CCN(c2ncnc3c2CCN(c2cccc4ccccc24)C3)CC1,16000.0
CHEMBL4549643,C=CC(=O)N1CCN(c2ncnc3c2CCN(c2c(C)ccc4[nH]ncc24)C3)CC1,16000.0
CHEMBL4453071,C=CC(=O)N1CCN(c2ncnc3c2CCN(c2c(O)cccc2F)C3)CC1,16000.0
CHEMBL4453012,C=CC(=O)N1CCN(c2ncnc3c2CCN(c2cc(O)ccc2F)C3)CC1,16000.0
CHEMBL4457300,C=CC(=O)N1CCN(c2ncnc3c2CCN(c2cc(O)cc4ccccc24)C3)CC1,7600.0
CHEMBL4540074,C=CC(=O)N1CCN(c2ncnc3c2CCN(c2cccc4ccc(O)cc24)C3)CC1,16000.0
CHEMBL4550990,C=CC(=O)N1CCN(c2nc(OCCN(C)C)nc3c2CCN(c2cc(O)cc4ccccc24)C3)CC1,1900.0
CHEMBL4525173,C=CC(=O)N1CCN(c2nc(OCCCN(C)C)nc3c2CCN(c2cc(O)cc4ccccc24)C3)CC1,1500.0
CHEMBL4465028,C=CC(=O)N1CCN(c2nc(O[C@@H](C)CN(C)C)nc3c2CCN(c2cc(O)cc4ccccc24)C3)CC1,540.0
CHEMBL4456598,C=CC(=O)N1CCN(c2nc(OC[C@@H]3CCCN3C)nc3c2CCN(c2cc(O)cc4ccccc24)C3)CC1,70.0
CHEMBL4214264,C=CC(=O)N1CCN(c2ncnc3c(F)c(-c4c(O)cccc4F)c(Cl)cc23)CC1,939.0
CHEMBL4460786,C=CC(=O)N1CCN(c2nnc(-c3ccccc3)c3cc(-c4c(O)cccc4F)c(Cl)cc23)CC1,20100.0
CHEMBL4476789,C=CC(=O)N1CCN(c2nnc(-c3ccccc3C)c3cc(-c4c(O)cccc4F)c(Cl)cc23)CC1,5710.0
CHEMBL4514914,C=CC(=O)N1CCN(c2nnc(-c3ccccc3Cl)c3cc(-c4c(O)cccc4F)c(Cl)cc23)CC1,3520.0
CHEMBL4515333,C=CC(=O)N1CCN(c2nnc(-c3ccccc3CC)c3cc(-c4c(O)cccc4F)c(Cl)cc23)CC1,903.0
CHEMBL4466063,C=CC(=O)N1CCN(c2nnc(-c3ccccc3OC)c3cc(-c4c(O)cccc4F)c(Cl)cc23)CC1,9150.0
CHEMBL4553629,C=CC(=O)N1CCN(c2nnc(-c3ccccc3C3CC3)c3cc(-c4c(O)cccc4F)c(Cl)cc23)CC1,1550.0
CHEMBL4460809,C=CC(=O)N1CCN(c2nnc(-c3ccccc3C(C)C)c3cc(-c4c(O)cccc4F)c(Cl)cc23)CC1,683.0
CHEMBL4517656,C=CC(=O)N1CCN(c2nc(=O)n(-c3ccccc3C(C)C)c3cc(-c4c(O)cccc4F)c(Cl)cc23)CC1,101.0
CHEMBL4450657,C=CC(=O)N1CCN(c2nc(=O)n(-c3ccccc3C(C)C)c3nc(-c4c(O)cccc4F)c(Cl)cc23)[C@@H](C)C1,51.0
CHEMBL4549665,C=CC(=O)N1CCN(c2nc(=O)n(-c3ccccc3C3CC3)c3nc(-c4c(O)cccc4F)c(Cl)cc23)[C@@H](C)C1,225.0
CHEMBL4467413,C=CC(=O)N1CCN(c2nc(=O)n(-c3ccccc3C(C)(C)C)c3nc(-c4c(O)cccc4F)c(Cl)cc23)[C@@H](C)C1,117.0
CHEMBL4452137,C=CC(=O)N1CCN(c2nc(=O)n(-c3c(C)cccc3C(C)C)c3nc(-c4c(O)cccc4F)c(Cl)cc23)[C@@H](C)C1,25.0
CHEMBL4464232,C=CC(=O)N1CCN(c2nc(=O)n(-c3c(C)cccc3CC)c3nc(-c4c(O)cccc4F)c(Cl)cc23)[C@@H](C)C1,127.0
CHEMBL4467518,C=CC(=O)N1CCN(c2nc(=O)n(-c3ncccc3C(C)C)c3nc(-c4c(O)cccc4F)c(Cl)cc23)[C@@H](C)C1,83.0
CHEMBL4528930,C=CC(=O)N1CCN(c2nc(=O)n(-c3ccnn3C(C)C)c3nc(-c4c(O)cccc4F)c(Cl)cc23)[C@@H](C)C1,164.0
CHEMBL4573279,C=CC(=O)N1CCN(c2nc(=O)n(-c3scnc3C(C)C)c3nc(-c4c(O)cccc4F)c(Cl)cc23)[C@@H](C)C1,81.0
CHEMBL4516179,C=CC(=O)N1CCN(c2nc(=O)n(-c3c(C)cnn3C(C)C)c3nc(-c4c(O)cccc4F)c(Cl)cc23)[C@@H](C)C1,53.0
CHEMBL4458945,C=CC(=O)N1CCN(c2nc(=O)n(-c3c(C)cccc3C)c3nc(-c4c(O)cccc4F)c(Cl)cc23)[C@@H](C)C1,306.0
CHEMBL4554946,C=CC(=O)N1CCN(c2nc(=O)n(-c3c(CC)cccc3CC)c3nc(-c4c(O)cccc4F)c(Cl)cc23)[C@@H](C)C1,68.0
CHEMBL4588277,C=CC(=O)N1CCN(c2nc(=O)n(-c3c(C4CC4)ncnc3C3CC3)c3nc(-c4c(O)cccc4F)c(Cl)cc23)[C@@H](C)C1,34.0
CHEMBL4434842,C=CC(=O)N1CCN(c2nc(=O)n(-c3c(C(C)C)ncnc3C(C)C)c3nc(-c4c(O)cccc4F)c(Cl)cc23)[C@@H](C)C1,21.0
CHEMBL4456801,C=CC(=O)N1CCN(c2nc(=O)n(-c3ccccc3C(C)C)c3cc(-c4c(C)ccc5[nH]ncc45)c(Cl)cc23)CC1,8.0
CHEMBL4469638,C=CC(=O)N1CCN(c2nc(=O)n(-c3ccccc3C(C)C)c3cc(-c4ccccc4F)c(Cl)cc23)CC1,80.0
CHEMBL4465551,C=CC(=O)N1CCN(c2nc(=O)n(-c3ccccc3C(C)C)c3cc(-c4ccccc4F)c(Cl)cc23)[C@@H](C)C1,47.0
CHEMBL4454645,C=CC(=O)N1CCN(c2nc(=O)n(-c3ccccc3C(C)C)c3cc(-c4ccccc4Cl)c(Cl)cc23)[C@@H](C)C1,220.0
CHEMBL4438343,C=CC(=O)N1CCN(c2nc(=O)n(-c3ccccc3C(C)C)c3cc(-c4ccccc4C(F)(F)F)c(Cl)cc23)[C@@H](C)C1,442.0
CHEMBL4449810,C=CC(=O)N1CCN(c2nc(=O)n(-c3ccccc3C(C)C)c3cc(-c4c(O)cccc4F)c(Cl)cc23)[C@@H](C)C1,28.0
CHEMBL4439782,C=CC(=O)N1CCN(c2nc(=O)n(-c3ccccc3C(C)C)c3nc(-c4c(O)cccc4F)c(Cl)cc23)CC1,69.0
CHEMBL4450519,C=CC(=O)N1CCN(c2nc(=O)n(-c3ccccc3C(C)C)c3nc(-c4ccccc4F)c(Cl)cc23)[C@@H](C)C1,66.0
CHEMBL4591772,C=CC(=O)N1CCN(c2nc(=O)n(-c3ccccc3C(C)C)c3nc(-c4ccccc4Cl)c(Cl)cc23)[C@@H](C)C1,56.0
CHEMBL4450041,C=CC(=O)N1CCN(c2nc(=O)n(-c3ccccc3C(C)C)c3nc(-c4ccccc4O)c(Cl)cc23)[C@@H](C)C1,146.0
CHEMBL4539214,C=CC(=O)N1CCN(c2nc(=O)n(-c3c(C)ccnc3C(C)C)c3nc(-c4c(O)cccc4F)c(Cl)cc23)[C@@H](C)C1,11.0
CHEMBL4578214,C=CC(=O)N1CCN(c2nc(=O)n(-c3c(C(C)C)ccnc3C)c3nc(-c4c(O)cccc4F)c(Cl)cc23)[C@@H](C)C1,65.0
CHEMBL4527861,C=CC(=O)N1CCN(c2nc(=O)n(-c3c(C)ncnc3C(C)C)c3nc(-c4c(O)cccc4F)c(Cl)cc23)[C@@H](C)C1,38.0
CHEMBL4452622,C=CC(=O)N1CCN(c2nc(=O)n(-c3c(C)cccc3C(C)C)c3nc(-c4c(O)cccc4F)c(F)cc23)[C@@H](C)C1,90.0
CHEMBL4535757,C=CC(=O)N1CCN(c2nc(=O)n(-c3c(C)ccnc3C(C)C)c3nc(-c4c(O)cccc4F)c(F)cc23)[C@@H](C)C1,68.0
CHEMBL4458041,C=CC(=O)N1CCN(c2nc(=O)n(-c3c(C(C)C)ccnc3C)c3nc(-c4c(O)cccc4F)c(F)cc23)[C@@H](C)C1,142.0
CHEMBL4441771,C=CC(=O)N1CCN(c2nc(=O)n(-c3c(C)ncnc3C(C)C)c3nc(-c4c(O)cccc4F)c(F)cc23)[C@@H](C)C1,128.0
CHEMBL4525691,C=CC(=O)N1CC(NC(=O)Cn2ccc3cc(Br)ccc32)C1,250000.0
CHEMBL4444447,C=CC(=O)N1CC(NC(=O)Cn2cc(C(=O)N3CCc4c(cccc4OC)C3)c3cc(Br)ccc32)C1,638.0
CHEMBL4455193,C=CC(=O)N1CC(NC(=O)Cn2cc(C(=O)NCc3ccccc3)c3cc(Br)ccc32)C1,14200.0
CHEMBL4569400,C=CC(=O)N1CC(NC(=O)Cn2cc(C(=O)NCCc3ccccc3)c3cc(Br)ccc32)C1,4260.0
CHEMBL4522790,C=CC(=O)N1CC(NC(=O)Cn2cc(C(=O)N(C)Cc3ccccc3)c3cc(Br)ccc32)C1,6630.0
CHEMBL4476533,C=CC(=O)N1CC(NC(=O)Cn2cc(C(=O)N3CCc4ccccc4C3)c3cc(Br)ccc32)C1,1270.0
CHEMBL4456127,C=CC(=O)N1CC(NC(=O)Cn2cc(C(=O)N3CCc4cc(F)ccc4C3)c3cc(Br)ccc32)C1,1370.0
CHEMBL4466759,C=CC(=O)N1CC(NC(=O)Cn2cc(C(=O)N3CCc4c(F)cccc4C3)c3cc(Br)ccc32)C1,2120.0
CHEMBL4435858,C=CC(=O)N1CC(NC(=O)Cn2cc(C(=O)N3CCc4cc(Cl)ccc4C3)c3cc(Br)ccc32)C1,2000.0
CHEMBL4570206,C=CC(=O)N1CC(NC(=O)Cn2cc(C(=O)N3CCc4c(Cl)cccc4C3)c3cc(Br)ccc32)C1,1290.0
CHEMBL4520093,C=CC(=O)N1CC(NC(=O)Cn2c(C)c(C(=O)N3CCc4c(cccc4OC)C3)c3cc(Br)ccc32)C1,299.0
CHEMBL4579956,C=CC(=O)N1CC(NC(=O)Cn2c(C3CC3)c(C(=O)N3CCc4c(cccc4OC)C3)c3cc(Br)ccc32)C1,139.0
CHEMBL4457550,C=CC(=O)N1CC(NC(=O)Cn2cc(C(=O)N3CCc4c(cccc4OC)C3)c3cc(Br)cc(C)c32)C1,174.0
CHEMBL4541628,C=CC(=O)N1CC(NC(=O)Cn2c(C)c(C(=O)N3CCc4c(cccc4OC)C3)c3cc(Br)cc(C)c32)C1,109.0
CHEMBL4573277,C=CC(=O)N1CC(NC(=O)Cn2c(C)c(C(=O)N3CCc4c(cccc4OC)C3)c3cc(Cl)ccc32)C1,369.0
CHEMBL4591653,C=CC(=O)N1CC(NC(=O)Cn2c(C)c(C(=O)N3CCc4c(cccc4OC)C3)c3cc(Cl)cc(C)c32)C1,150.0
CHEMBL4464335,C=CC(=O)N1CC(NC(=O)Cn2c(C3CC3)c(C(=O)N3CCc4c(cccc4OC)C3)c3cc(Cl)cc(C)c32)C1,115.0
CHEMBL4577812,C=CC(=O)N1CC(NC(=O)COc2ccc(Br)cc2C(=O)N2CC=C(c3ccccc3)C2)C1,2780.0
CHEMBL4457820,C=CC(=O)N1CCN(c2nc(N3CC(N(C)C)C3)nc3c2C[C@@H](C)[C@H](c2c(Cl)c(C)cc4[nH]ncc24)C3)CC1,126.0
CHEMBL4473733,C=CC(=O)N1CCN(c2nc(OC[C@H]3CCCN3C)nc3c2C[C@@H](C)[C@H](c2c(C)ccc4[nH]ncc24)C3)CC1,236.0
CHEMBL4466335,C=CC(=O)N1CCN(c2nc(OCCCN(C)C)nc3c2C[C@@H](C)[C@H](c2c(C)ccc4[nH]ncc24)C3)CC1,214.0
CHEMBL4441401,C=CC(=O)N1CCN(c2ncnc3c2CCC(c2c(C)ccc4[nH]ncc24)C3)[C@@H](C)C1,4860.0
CHEMBL4572411,C=CC(=O)N1CCN(c2ncnc3c2C[C@@H](C)[C@H](c2c(C)ccc4[nH]ncc24)C3)CC1,640.0
CHEMBL4467039,C=CC(=O)N1CCN(c2nc(N3CC(N(C)C)C3)nc3c2C[C@@H](C)[C@H](c2c(Cl)ccc4[nH]ncc24)C3)CC1,169.0
CHEMBL4475526,C=CC(=O)N1CCN2c3ncnc4cc(-c5c(C)ccc6[nH]ncc56)c(Cl)c(c34)OC[C@@H]2C1,12.0
CHEMBL4566835,C=CC(=O)N1CCN2c3nc(NCCN(C)C)nc4cc(-c5c(C)ccc6[nH]ncc56)c(Cl)c(c34)OC[C@@H]2C1,18.0
CHEMBL4443236,C=CC(=O)N1CCN2c3nc(N4CC(N(C)C)C4)nc4cc(-c5c(C)ccc6[nH]ncc56)c(Cl)c(c34)OC[C@@H]2C1,21.0
CHEMBL4568148,C=CC(=O)N1CCN2c3nc(NC4CCN(C5CC5)CC4)nc4cc(-c5c(C)ccc6[nH]ncc56)c(Cl)c(c34)OC[C@@H]2C1,12.0
CHEMBL4452819,C=CC(=O)N1CCN2c3ncnc4c(F)c(-c5c(O)cccc5F)c(Cl)c(c34)OC[C@@H]2C1,29.0
CHEMBL4450793,C=CC(=O)N1CCN2c3ncnc4cc(-c5c(O)cccc5Cl)c(Cl)c(c34)OC[C@@H]2C1,32.0
CHEMBL4455938,C=CC(=O)N1CCN2c3ncnc4cc(-c5c(O)cccc5F)c(Cl)c(c34)OC[C@@H]2C1,97.0
CHEMBL4452974,C=CC(=O)N1CCN2c3c(cnc4c(F)c(-c5c(O)cccc5F)c(Cl)cc34)N(C)C(=O)[C@H]2C1,18.0
CHEMBL4548586,C=CC(=O)N1CCN2c3c(cnc4cc(-c5c(C)ccc6[nH]ncc56)c(Cl)cc34)OCC[C@H]2C1,627.0
CHEMBL4572730,C=CC(=O)N1CCN2c3c(cnc4c(OC)c(-c5c(O)cccc5F)c(Cl)cc34)OC[C@H]2C1,70.0
CHEMBL4461958,C=CC(=O)N1C[C@@H]2COc3cnc4cc(-c5c(O)cccc5F)c(Cl)cc4c3N2C[C@@H]1C,7653.0
CHEMBL4456612,C=CC(=O)N1CCN2c3c(cnc4cc(-c5c(C)ccc6[nH]ncc56)c(Cl)cc34)OCC[C@@H]2C1,4342.0
CHEMBL4567284,C=CC(=O)N1CCN2c3c(cnc4c(C)c(-c5c(O)cccc5F)c(Cl)cc34)OC[C@H]2C1,97.0
CHEMBL4591572,C=CC(=O)N1CCN2c3c(cnc4c(F)c(-c5c(O)cccc5F)c(Cl)cc34)OC[C@H]2C1,16.0
CHEMBL4483782,C=CC(=O)N1CCN2c3c(cnc4cc(-c5c(C)ccc6[nH]ncc56)c(Cl)cc34)OC[C@H]2C1,1381.0
CHEMBL4454588,C=CC(=O)N1CCN2c3c(cnc4cc(-c5c(C)ccc6[nH]ncc56)c(Cl)cc34)OC[C@@H]2C1,610.0
CHEMBL4453777,C=CC(=O)N1CCN2c3c(cnc4cc(-c5c(O)cccc5F)c(Cl)cc34)NC(=O)[C@H]2C1,73.0
CHEMBL4551121,C=CC(=O)N1CCN2c3c(cnc4cc(-c5c(O)cccc5F)c(Cl)cc34)N(C)C(=O)[C@H]2C1,150.0
CHEMBL4455191,C=CC(=O)N1C[C@@H]2COc3cnc4cc(-c5c(O)cccc5F)c(Cl)cc4c3N2C[C@H]1C,52.0
CHEMBL4456368,C=CC(=O)N1CCN2c3c(cnc4cc(-c5c(O)cccc5F)c(Cl)cc34)OC[C@H]2C1,211.0
CHEMBL4560503,C=CC(=O)N1CCN2c3c(cnc4cc(-c5c(O)cccc5F)c(Cl)cc34)NC[C@H]2C1,387.0
CHEMBL4461913,C=CC(=O)N1CCN2c3c(cnc4cc(-c5c(O)cccc5F)c(Cl)cc34)N(C)C[C@H]2C1,132.0
CHEMBL4536127,C=CC(=O)N1CCN(c2ncnc3cc(-c4c(C)ccc5[nH]ncc45)c(Cl)cc23)CC1,496.0
CHEMBL4461434,C=CC(=O)N1C[C@@H]2C(=O)N(C)c3cnc4c(F)c(-c5c(O)cccc5F)c(Cl)cc4c3N2C[C@H]1C,5.0
CHEMBL4637434,C=CC(=O)N1CCN(c2nc(OC[C@@H]3CCCN3C)nc3c2CCN(c2c(C)ccc4[nH]ncc24)C3)CC1,1500.0
CHEMBL4637314,C=CC(=O)N1CCN(c2nc(OC[C@@H]3CCCN3C)nc3c2CCN(c2c(CC)ccc4[nH]ncc24)C3)CC1,1080.0
CHEMBL4642347,C=CC(=O)N1CCN(c2nc(OC[C@@H]3CCCN3C)nc3c2CCN(c2c(C(C)C)ccc4[nH]ncc24)C3)CC1,1180.0
CHEMBL4642659,C=CC(=O)N1CCN(c2nc(OC[C@@H]3CCCN3C)nc3c2CCN(c2c(C(F)(F)F)ccc4[nH]ncc24)C3)CC1,351.0
CHEMBL4645768,C=CC(=O)N1CCN(c2nc(OC[C@@H]3CCCN3C)nc3c2CCN(c2c(C)c(C)cc4[nH]ncc24)C3)CC1,254.0
CHEMBL4647242,C=CC(=O)N1CCN(c2nc(OC[C@@H]3CCCN3C)nc3c2CCN(c2cccc4ccccc24)C3)CC1,4400.0
CHEMBL4643600,C=CC(=O)N1CCN(c2nc(OC[C@@H]3CCCN3C)nc3c2CCN(c2cccc4ccccc24)C3)CC1CO,4630.0
CHEMBL4649174,C=CC(=O)N1CCN(c2nc(OC[C@@H]3CCCN3C)nc3c2CCN(c2cccc4ccccc24)C3)C(CO)C1,4530.0
CHEMBL4649393,C=CC(=O)N1CCN(c2nc(OC[C@@H]3CCCN3C)nc3c2CCN(c2cccc4ccccc24)C3)CC1CCO,5000.0
CHEMBL4638484,C=CC(=O)N1CCN(c2nc(OC[C@@H]3CCCN3C)nc3c2CCN(c2cccc4ccccc24)C3)C(CCO)C1,4840.0
CHEMBL4648056,C=CC(=O)N1CCN(c2nc(OC[C@@H]3CCCN3C)nc3c2CCN(c2cccc4ccccc24)C3)CC1CC#N,14.0
CHEMBL4648671,C=CC(=O)N1CCN(c2nc(OC[C@@H]3CCCN3C)nc3c2CCN(c2cccc4ccccc24)C3)C[C@@H]1CC#N,10.0
CHEMBL4649703,C=CC(=O)N1CCN(c2nc(OC[C@@H]3CCCN3C)nc3c2CCN(c2cccc4ccccc24)C3)C[C@H]1CC#N,1020.0
CHEMBL4639210,C=CC(=O)N1CCN(c2nc(OC[C@@H]3CCCN3C)nc3c2CCN(c2cccc4ccccc24)C3)C(CC#N)C1,3320.0
CHEMBL4648124,C=CC(=O)N1CCN(c2nc(OC[C@@H]3CCCN3C)nc3c2CCN(c2cccc4cccc(OC)c24)C3)C[C@@H]1CC#N,22.0
CHEMBL4640234,C=CC(=O)N1CCN(c2nc(OC[C@@H]3CCCN3C)nc3c2CCN(c2cccc4cccc(C#N)c24)C3)C[C@@H]1CC#N,64.0
CHEMBL4646899,C=CC(=O)N1CCN(c2nc(OC[C@@H]3CCCN3C)nc3c2CCN(c2cccc4cccc(CC)c24)C3)C[C@@H]1CC#N,6.0
CHEMBL4636611,C=CC(=O)N1CCN(c2nc(OC[C@@H]3CCCN3C)nc3c2CCN(c2cccc4cccc(C(F)(F)F)c24)C3)C[C@@H]1CC#N,4.0
CHEMBL4648852,C=CC(=O)N1CCN(c2nc(OC[C@@H]3CCCN3C)nc3c2CCN(c2cccc4cccc(Cl)c24)C3)C[C@@H]1CC#N,1.0
CHEMBL4632935,C=CC(=O)N1CCN(c2nc(OC[C@@H]3CCCN3C)nc3c2CCN(c2cccc4cccc(C)c24)C3)C[C@@H]1CC#N,1.0
CHEMBL4594350,C=C(F)C(=O)N1CCN(c2nc(OC[C@@H]3CCCN3C)nc3c2CCN(c2cccc4cccc(Cl)c24)C3)C[C@@H]1CC#N,14.0
CHEMBL4635454,C=C(OC)C(=O)N1CCN(c2nc(OC[C@@H]3CCCN3C)nc3c2CCN(c2cccc4cccc(Cl)c24)C3)C[C@@H]1CC#N,5000.0
CHEMBL4640636,CN1CCC[C@H]1COc1nc2c(c(N3CCN(C(=O)/C=C/CF)[C@@H](CC#N)C3)n1)CCN(c1cccc3cccc(Cl)c13)C2,3.0
CHEMBL4645376,COC/C=C/C(=O)N1CCN(c2nc(OC[C@@H]3CCCN3C)nc3c2CCN(c2cccc4cccc(Cl)c24)C3)C[C@@H]1CC#N,9.0
CHEMBL59026,COc1cc(/C=C/C(=O)c2ccc(F)cc2)cc(OC)c1OC,15900.0
CHEMBL471655,COc1cc(/C=C/C(=O)c2ccc(N)cc2)cc(OC)c1OC,9170.0
CHEMBL589993,COc1cc(/C=C/C(=O)c2ccc(Br)cc2)cc(OC)c1OC,24640.0
CHEMBL3219765,COc1cc(/C=C/C(=O)c2ccccn2)cc(OC)c1OC,52970.0
CHEMBL4643559,COc1cc(/C=C/C(=O)c2c(F)cccc2F)cc(OC)c1OC,8200.0
CHEMBL598038,COc1cc(/C=C/C(=O)c2ccc([N+](=O)[O-])cc2)cc(OC)c1OC,7010.0
CHEMBL187437,COc1ccc(C(=O)/C=C/c2cc(OC)c(OC)c(OC)c2)cc1,8290.0
CHEMBL62070,COc1cc(/C=C/C(=O)c2ccc(N(C)C)cc2)cc(OC)c1OC,7420.0
CHEMBL59351,COc1cc(C(=O)/C=C/c2ccc([N+](=O)[O-])cc2)cc(OC)c1OC,8200.0
CHEMBL4646677,COc1cc(C(=O)/C=C/c2c(F)cccc2F)cc(OC)c1OC,7490.0
CHEMBL4476113,C=CC(=O)N1CC(N2CCN(C(=O)CNc3cc(C4(C)CC4)c(Cl)cc3O)CC2)C1,1700.0
CHEMBL4796065,CN(C)Cc1[nH]c2ccccc2c1[C@H]1NC(=O)c2ccc(O)cc21,33000.0
CHEMBL4788500,O=C1N[C@H](c2c(CNCc3ccc4ccn(Cc5ccccc5)c4c3)[nH]c3ccccc23)c2cc(O)ccc21,870.0
CHEMBL4750445,Cn1cnc(Cn2ccc3ccc(CNCc4[nH]c5ccccc5c4[C@H]4NC(=O)c5ccc(O)cc54)cc32)c1,450.0
CHEMBL4754887,C=CC(=O)N1CCN(c2nc(=O)n(-c3c(C)ccnc3C(C)C)c3c(F)c(-c4c(O)cccc4F)ncc23)[C@@H](C)C1,10000.0
CHEMBL4784376,C=CC(=O)N1CCN(c2nc(=O)n(-c3c(C)ccnc3C(C)C)c3c(Cl)c(-c4c(O)cccc4F)ncc23)[C@@H](C)C1,10000.0
CHEMBL4741576,C=CC(=O)N1CCN(c2nc(=O)n(-c3c(C(C)C)ncnc3C(C)C)c3c(Cl)c(-c4c(O)cccc4F)ncc23)[C@@H](C)C1,10000.0
CHEMBL4746420,C=CC(=O)N1CCN(c2nc(=O)n(-c3c(C(C)C)ncnc3C(C)C)c3c(F)c(-c4c(O)cccc4F)ncc23)[C@@H](C)C1,10000.0
CHEMBL4781219,C=CC(=O)N1CCN(c2nc(=O)n(-c3c(C(C)C)cccc3C(C)C)c3c(F)c(-c4c(O)cccc4F)ncc23)[C@@H](C)C1,10000.0
CHEMBL4874744,C=CC(=O)N1CCN(c2cc(C(=O)N[C@@H]3CCC[C@H]3N(C)C)nc3c2CCN(c2cccc4cccc(C)c24)C3)C[C@@H]1CC#N,1.0
CHEMBL4850201,C=CC(=O)N1CCN(c2cc(C(=O)N[C@H](C)CN3CC(C)(O)C3)nc3c2CCN(c2cccc4cccc(C)c24)C3)C[C@@H]1CC#N,2.2
CHEMBL4846583,C=CC(=O)N1CCN(c2cc(C(=O)NC(C)CN3CCC(C)(O)C3)nc3c2CCN(c2cccc4cccc(C)c24)C3)C[C@@H]1CC#N,6.2
CHEMBL4860108,C=C(F)C(=O)N1CCN(c2cc(C(=O)NC(C)CN3CCC(C)(O)C3)nc3c2CCN(c2cccc4cccc(C)c24)C3)C[C@@H]1CC#N,5.0
CHEMBL4847011,C=C(F)C(=O)N1CCN(c2cc(C(=O)N[C@H](C)CN(C)C)nc3c2CCN(c2cccc4cccc(C)c24)C3)C[C@@H]1CC#N,8.3
CHEMBL4866701,C=CC(=O)N1CCN(c2cc(C(=O)NCC3CCCN3C)nc3c2CCN(c2cccc4cccc(C)c24)C3)C[C@@H]1CC#N,4.8
CHEMBL4856826,C=CC(=O)N1CCN(c2cc(C(=O)N[C@H](C)CN(C)C)nc3c2CCN(c2c(Cl)c(C)cc4[nH]ncc24)C3)C[C@@H]1CC#N,0.9
CHEMBL4852249,C=CC(=O)N1CCN(c2cc(C(=O)NC[C@H]3CCCN3)nc3c2CCN(c2cccc4cccc(C)c24)C3)C[C@@H]1CC#N,6.2
CHEMBL4847380,C=CC(=O)N1CCN(c2cc(C(=O)NCC3CCCCN3)nc3c2CCN(c2cccc4cccc(C)c24)C3)C[C@@H]1CC#N,8.3
CHEMBL4860377,C=CC(=O)N1CCN(c2cc(C(=O)NC3(CC)CCNC3)nc3c2CCN(c2cccc4cccc(C)c24)C3)C[C@@H]1CC#N,4.5
CHEMBL4847146,C=CC(=O)N1CCN(c2cc(C(=O)NC3(C)CCCNC3)nc3c2CCN(c2cccc4cccc(C)c24)C3)C[C@@H]1CC#N,5.4
CHEMBL4869082,C=CC(=O)N1CCN(c2nc(=O)n3c4nc(c(F)cc24)-c2c(F)cccc2OCCCCc2ccnc(C(C)C)c2-3)[C@@H](C)C1,2.4
CHEMBL4870399,C=CC(=O)N1C[C@H](C)N(c2nc(=O)n3c4nc(c(F)cc24)-c2c(F)cccc2OCCCCc2ccnc(C(C)C)c2-3)C[C@H]1C,3.5
CHEMBL4866126,C=CC(=O)N1CCN(c2nc(=O)n3c4nc(c(F)cc24)-c2c(F)cccc2OCCCc2ccnc(C(C)C)c2-3)[C@@H](C)C1,4.3
CHEMBL4875422,C=CC(=O)N1C[C@H](C)N(c2nc(=O)n3c4nc(c(Cl)cc24)-c2c(F)ccc(F)c2OCCOc2ccnc(C(C)C)c2-3)C[C@H]1C,1.1
CHEMBL4855521,[2H]C1([2H])Oc2ccc(F)c(F)c2-c2nc3c(cc2Cl)c(N2C[C@@H](C)N(C(=O)C=C)C[C@@H]2C)nc(=O)n3-c2c(ccnc2C(C)C)OC1([2H])[2H],0.51
CHEMBL4879271,C=CC(=O)N1C[C@H](C)N(c2nc(=O)n3c4nc(c(Cl)cc24)-c2c(F)cccc2OCC(F)(F)COc2ccnc(C(C)C)c2-3)C[C@H]1C,0.91
CHEMBL4852458,C=CC(=O)N1C[C@H](C)N(c2nc(=O)n3c4nc(c(Cl)cc24)-c2c(ccc(F)c2F)OCCCc2ncnc(C(C)C)c2-3)C[C@H]1C,0.51
CHEMBL4864188,C=CC(=O)N1C[C@H](C)N(c2nc(=O)n3c4nc(c(F)cc24)-c2c(F)cccc2OCCCc2ccnc(C(C)C)c2-3)C[C@H]1C,1.7
CHEMBL4855378,C=CC(=O)N1C[C@H](C)N(c2nc(=O)n3c4nc(c(F)cc24)-c2c(Cl)cccc2OCCCc2ccnc(C(C)C)c2-3)C[C@H]1C,2.3
CHEMBL4863593,C=CC(=O)N1C[C@H](C)N(c2nc(=O)n3c4nc(c(F)cc24)-c2c(ccc(F)c2F)OCCC(C)c2ccnc(C(C)C)c2-3)C[C@H]1C,1.4
CHEMBL4856277,C=CC(=O)N1CCN(c2nc(=O)n3c4nc(c(Cl)cc24)-c2c(F)cccc2OCC(F)(F)CCc2ccnc(C(C)C)c2-3)[C@@H](C)C1,0.56
CHEMBL4876119,C=CC(=O)N1C[C@H](C)N(c2nc(=O)n3c4nc(c(Cl)cc24)-c2c(F)cccc2OCCc2ccnc(C(C)C)c2-3)C[C@H]1C,2.6
CHEMBL4861413,Cc1ccnc(C(C)C)c1-n1c(=O)nc(N2CCN(C(=O)C=O)C[C@@H]2C)c2cc(Cl)c(-c3ccccc3F)nc21,610.0
CHEMBL4870135,COC(=O)/C=C/C(=O)N1CCN(c2nc(=O)n(-c3c(C)ccnc3C(C)C)c3nc(-c4ccccc4F)c(Cl)cc23)[C@@H](C)C1,95.0
CHEMBL4849074,Cc1ccnc(C(C)C)c1-n1c(=O)nc(N2CCN(C(=O)[C@H]3CO3)C[C@@H]2C)c2cc(Cl)c(-c3ccccc3F)nc21,3780.0
CHEMBL4877899,Cc1ccnc(C(C)C)c1-n1c(=O)nc(N2CCN(C(=O)C3OC3C)C[C@@H]2C)c2cc(Cl)c(-c3ccccc3F)nc21,17800.0
CHEMBL4867096,CCOC(=O)[C@@H]1O[C@H]1C(=O)N1CCN(c2nc(=O)n(-c3c(C)ccnc3C(C)C)c3nc(-c4ccccc4F)c(Cl)cc23)[C@@H](C)C1,216.0
CHEMBL4879059,Cc1ccnc(C(C)C)c1-n1c(=O)nc(N2CCN(C(=O)[C@@H]3O[C@H]3CN3CCCCC3)C[C@@H]2C)c2cc(Cl)c(-c3ccccc3F)nc21,1120.0
CHEMBL4873951,Cc1ccnc(C(C)C)c1-n1c(=O)nc(N2CCN(C(=O)[C@@H]3O[C@H]3CO)C[C@@H]2C)c2cc(Cl)c(-c3ccccc3F)nc21,6260.0
CHEMBL4852058,Cc1ccnc(C(C)C)c1-n1c(=O)nc(N2CC(NC(=O)C3CO3)C2)c2cc(Cl)c(-c3ccccc3F)nc21,4410.0
CHEMBL4873683,Cc1ccnc(C(C)C)c1-n1c(=O)nc(N(C)C2CN(C(=O)C3CO3)C2)c2cc(Cl)c(-c3ccccc3F)nc21,13800.0
CHEMBL4858243,Cc1ccnc(C(C)C)c1-n1c(=O)nc(N2C[C@@H](C)N(C(=O)[C@H]3CO3)C[C@@H]2C)c2cc(Cl)c(-c3c(O)cccc3F)nc21,653.0
CHEMBL4854390,Cc1ccnc(C(C)C)c1-n1c(=O)nc(N2C[C@@H](C)N(C(=O)[C@H]3CO3)C[C@@H]2C)c2cc(Cl)c(-c3c(N)cccc3F)nc21,560.0
CHEMBL4875572,Oc1cc(N2CCc3c(nc(OCC4(CN5CC[C@@H](F)C5)CC4)nc3N3CC4CCC(C3)N4)C2)c2c(Br)cccc2c1,1.5
CHEMBL4872714,Oc1cc(N2CCc3c(nc(OCC4(CN5CCOCC5)CC4)nc3N3CC4CCC(C3)N4)C2)c2c(Br)cccc2c1,1.2
CHEMBL4857517,Cc1cccc2cc(O)cc(N3CCc4c(nc(OCC5(CN6CCOCC6)CC5)nc4N4CC5CCC(C4)N5)C3)c12,3.2
CHEMBL4849611,CN(C)CC1(COc2nc3c(c(N4CC5CCC(C4)N5)n2)CCN(c2cc(O)cc4cccc(I)c24)C3)CC1,0.7
CHEMBL4876274,Oc1cc(N2CCc3c(nc(OCC4(CN5CC[C@@H](F)C5)CC4)nc3N3CC4CCC(C3)N4)C2)c2c(I)cccc2c1,0.9
CHEMBL4869200,Oc1cc(N2CCc3c(nc(OCC4(CN5CCOCC5)CC4)nc3N3CC4CCC(C3)N4)C2)c2c(I)cccc2c1,0.7
CHEMBL4852554,CN(C)CC1(COc2nc(N3CC4CCC(C3)N4)c3cc(F)c(-c4cc(O)cc5ccccc45)c(F)c3n2)CC1,5.1
CHEMBL4878409,CN(C)CC1(COc2nc3c(c(N4CC5CCC(C4)N5)n2)CCN(c2cc(O)cc4cccc(Br)c24)C3)CC1(F)F,9.7
CHEMBL4853619,CN1C[C@H](F)C[C@H]1COc1nc2c(c(N3CC4CCC(C3)N4)n1)CCN(c1cc(O)cc3cccc(Br)c13)C2,18.5
CHEMBL4872056,CC[C@@H](C)[C@@H]1NC(=O)[C@H](Cc2cn(CCc3c(C)[nH]c4cc(Cl)cc(Cl)c34)nn2)NC(=O)[C@@H](CC(N)=O)NC(=O)[C@H](CCCNC(=N)N)NC(=O)[C@H](Cc2ccccc2)NC(=O)[C@@H](CC(C)C)NC(=O)[C@@H](C)NC(=O)c2cc3cc(c2)C(=O)NC[C@@H](C(N)=O)NC(=O)[C@H](CCCNC(=N)N)NC(=O)[C@H](CCCNC(=N)N)NC(=O)[C@H](CCCNC(=N)N)NC(=O)[C@H](CCCNC(=N)N)NC(=O)[C@H](Cc2ccc4ccccc4c2)NC(=O)[C@H](Cc2ccccc2)NC(=O)C(CCCCNC3=O)NC(=O)[C@H](CC(=O)O)NC1=O,3400.0
CHEMBL4851139,C[C@@H](NC(=O)[C@H](Cc1ccccc1)NC(=O)[C@@H](CCCNC(=N)N)NC(=O)[C@H](CCCN)NC(=O)[C@@H]1CNC(=O)c2cc3cc(c2)C(=O)N[C@H](Cc2ccc4ccccc4c2)C(=O)N[C@@H](CO)C(=O)N[C@@H](CC(N)=O)C(=O)N[C@H](Cc2ccc4ccccc4c2)C(=O)N[C@@H](c2ccccc2)C(=O)N[C@@H](CCCCNC3=O)C(=O)N[C@H](Cc2ccccc2)C(=O)N[C@@H](CCC(N)=O)C(=O)N[C@H](CCCNC(=N)N)C(=O)N[C@@H](CCCNC(=N)N)C(=O)N1)C(N)=O,690.0
CHEMBL4867496,C[C@@H]1NC(=O)[C@@H](Cc2ccccc2)NC(=O)[C@@H]2CCCCNC(=O)c3cc(cc(c3)C(=O)N[C@H](Cc3ccc4ccccc4c3)C(=O)N[C@@H](CO)C(=O)N[C@@H](CCC(N)=O)C(=O)N[C@H](Cc3ccc4ccccc4c3)C(=O)N[C@@H](c3ccccc3)C(=O)N2)C(=O)NC[C@@H](C(=O)NCCC(=O)NCCC(=O)NC(CCCCN)C(N)=O)NC(=O)[C@H](CCCNC(=N)N)NC(=O)[C@@H](CCCNC(=N)N)NC1=O,4.4
CHEMBL4857709,C[C@@H]1NC(=O)[C@@H](Cc2ccccc2)NC(=O)[C@@H]2CCCCNC(=O)c3cc(cc(c3)C(=O)N[C@H](Cc3ccc4ccccc4c3)C(=O)N[C@@H](CO)C(=O)N[C@@H](CCC(N)=O)C(=O)N[C@H](Cc3ccc4ccccc4c3)C(=O)N[C@@H](c3ccccc3)C(=O)N2)C(=O)NC[C@@H](C(=O)N[C@@H](CCC(=O)O)C(=O)N[C@@H](Cc2cnc[nH]2)C(=O)N2CCC[C@@H]2C(=O)N[C@H](Cc2ccc(O)cc2)C(=O)N[C@@H](CCCCN)C(N)=O)NC(=O)[C@H](CCCNC(=N)N)NC(=O)[C@@H](CCCNC(=N)N)NC1=O,5800.0
CHEMBL4856925,C[C@@H]1NC(=O)[C@@H](Cc2ccccc2)NC(=O)[C@@H]2CCCCNC(=O)c3cc(cc(c3)C(=O)N[C@H](Cc3ccc4ccccc4c3)C(=O)N[C@@H](CO)C(=O)N[C@@H](CCC(N)=O)C(=O)N[C@H](Cc3ccc4ccccc4c3)C(=O)N[C@@H](c3ccccc3)C(=O)N2)C(=O)NC[C@@H](C(=O)N[C@@H](C(=O)N[C@@H](CO)C(=O)N2CCC[C@@H]2C(=O)N2CCCC[C@@H]2C(=O)N[C@@H](CCCCN)C(N)=O)[C@H](C)O)NC(=O)[C@H](CCCNC(=N)N)NC(=O)[C@@H](CCCNC(=N)N)NC1=O,8000.0
CHEMBL4872590,C[C@@H]1NC(=O)[C@@H](Cc2ccccc2)NC(=O)[C@@H]2CCCCNC(=O)c3cc(cc(c3)C(=O)N[C@H](Cc3ccc4ccccc4c3)C(=O)N[C@@H](CO)C(=O)N[C@@H](CCC(N)=O)C(=O)N[C@H](Cc3ccc4ccccc4c3)C(=O)N[C@@H](c3ccccc3)C(=O)N2)C(=O)NC[C@@H](C(=O)N[C@@H](CCN)CC(=O)N[C@H](CCCNC(=N)N)C(=O)N[C@@H](Cc2ccc(F)cc2)C(=O)N[C@H](C)C(=O)N[C@@H](CCCCN)C(N)=O)NC(=O)[C@H](CCCNC(=N)N)NC(=O)[C@@H](CCCNC(=N)N)NC1=O,1700.0
CHEMBL4862158,C[C@@H]1NC(=O)[C@@H](Cc2ccccc2)NC(=O)[C@@H]2CCCCNC(=O)c3cc(cc(c3)C(=O)N[C@H](Cc3ccc4ccccc4c3)C(=O)N[C@@H](CO)C(=O)N[C@@H](CCC(N)=O)C(=O)N[C@H](Cc3ccc4ccccc4c3)C(=O)N[C@@H](c3ccccc3)C(=O)N2)C(=O)NC[C@@H](C(=O)N[C@@H](C(=O)N[C@@H](Cc2cnc[nH]2)C(=O)N[C@H](CCC(=O)O)C(=O)N[C@H](CCCNC(=N)N)C(=O)N[C@@H](CCCCN)C(N)=O)[C@H](C)O)NC(=O)[C@H](CCCNC(=N)N)NC(=O)[C@@H](CCCNC(=N)N)NC1=O,6900.0
CHEMBL4848889,CC[C@H](C)[C@H](NC(=O)[C@H](CCC(N)=O)NC(=O)[C@H](CO)NC(=O)[C@@H]1CNC(=O)c2cc3cc(c2)C(=O)N[C@H](Cc2ccc4ccccc4c2)C(=O)N[C@@H](CO)C(=O)N[C@@H](CCC(N)=O)C(=O)N[C@H](Cc2ccc4ccccc4c2)C(=O)N[C@@H](c2ccccc2)C(=O)N[C@@H](CCCCNC3=O)C(=O)N[C@H](Cc2ccccc2)C(=O)N[C@@H](C)C(=O)N[C@H](CCCNC(=N)N)C(=O)N[C@@H](CCCNC(=N)N)C(=O)N1)C(=O)N[C@H](CCCNC(=N)N)C(=O)N[C@@H](CCCCN)C(N)=O,9700.0
CHEMBL4863413,CC(C)C[C@@H](NC(=O)[C@H](CCC(N)=O)NC(=O)CNC(=O)[C@@H]1CNC(=O)c2cc3cc(c2)C(=O)N[C@H](Cc2ccc4ccccc4c2)C(=O)N[C@@H](CO)C(=O)N[C@@H](CCC(N)=O)C(=O)N[C@H](Cc2ccc4ccccc4c2)C(=O)N[C@@H](c2ccccc2)C(=O)N[C@@H](CCCCNC3=O)C(=O)N[C@H](Cc2ccccc2)C(=O)N[C@@H](C)C(=O)N[C@H](CCCNC(=N)N)C(=O)N[C@@H](CCCNC(=N)N)C(=O)N1)C(=O)N[C@H](CCCNC(=N)N)C(=O)N[C@@H](CCCCN)C(N)=O,1700.0
CHEMBL4873891,CC(C)C[C@@H](NC(=O)[C@@H]1CNC(=O)c2cc3cc(c2)C(=O)N[C@H](Cc2ccc4ccccc4c2)C(=O)N[C@@H](CO)C(=O)N[C@@H](CCC(N)=O)C(=O)N[C@H](Cc2ccc4ccccc4c2)C(=O)N[C@@H](c2ccccc2)C(=O)N[C@@H](CCCCNC3=O)C(=O)N[C@H](Cc2ccccc2)C(=O)N[C@@H](C)C(=O)N[C@H](CCCNC(=N)N)C(=O)N[C@@H](CCCNC(=N)N)C(=O)N1)C(=O)N[C@@H](CO)C(=O)N[C@H](Cc1ccc2ccccc2c1)C(=O)N[C@H](CCCNC(=N)N)C(N)=O,18000.0
CHEMBL4864726,CCCC[C@H](NC(=O)CNC(=O)C[C@H](CCC)NC(=O)[C@@H]1CNC(=O)c2cc3cc(c2)C(=O)N[C@H](Cc2ccc4ccccc4c2)C(=O)N[C@@H](CO)C(=O)N[C@@H](CCC(N)=O)C(=O)N[C@H](Cc2ccc4ccccc4c2)C(=O)N[C@@H](c2ccccc2)C(=O)N[C@@H](CCCCNC3=O)C(=O)N[C@H](Cc2ccccc2)C(=O)N[C@@H](C)C(=O)N[C@H](CCCNC(=N)N)C(=O)N[C@@H](CCCNC(=N)N)C(=O)N1)C(=O)N[C@H](CCCNC(=N)N)C(N)=O,7200.0
CHEMBL4859989,C[C@H](NC(=O)[C@@H]1CNC(=O)c2cc3cc(c2)C(=O)N[C@H](Cc2ccc4ccccc4c2)C(=O)N[C@@H](CO)C(=O)N[C@@H](CCC(N)=O)C(=O)N[C@H](Cc2ccc4ccccc4c2)C(=O)N[C@@H](c2ccccc2)C(=O)N[C@@H](CCCCNC3=O)C(=O)N[C@H](Cc2ccccc2)C(=O)N[C@@H](C)C(=O)N[C@H](CCCNC(=N)N)C(=O)N[C@@H](CCCNC(=N)N)C(=O)N1)C(=O)N[C@H](CCCNC(=N)N)C(=O)N[C@H](Cc1ccccc1)C(=O)N[C@@H](Cc1ccc(F)cc1)C(N)=O,3100.0
CHEMBL4863517,C[C@H](CC(=O)N[C@@H](Cc1ccc(F)cc1)C(N)=O)NC(=O)[C@@H](CCCNC(=N)N)NC(=O)C[C@H](CCN)NC(=O)[C@@H]1CNC(=O)c2cc3cc(c2)C(=O)N[C@H](Cc2ccc4ccccc4c2)C(=O)N[C@@H](CO)C(=O)N[C@@H](CCC(N)=O)C(=O)N[C@H](Cc2ccc4ccccc4c2)C(=O)N[C@@H](c2ccccc2)C(=O)N[C@@H](CCCCNC3=O)C(=O)N[C@H](Cc2ccccc2)C(=O)N[C@@H](C)C(=O)N[C@H](CCCNC(=N)N)C(=O)N[C@@H](CCCNC(=N)N)C(=O)N1,1700.0
CHEMBL4847699,CC(C)[C@@H](NC(=O)C[C@H](CCN)NC(=O)[C@@H]1CNC(=O)c2cc3cc(c2)C(=O)N[C@H](Cc2ccc4ccccc4c2)C(=O)N[C@@H](CO)C(=O)N[C@@H](CCC(N)=O)C(=O)N[C@H](Cc2ccc4ccccc4c2)C(=O)N[C@@H](c2ccccc2)C(=O)N[C@@H](CCCCNC3=O)C(=O)N[C@H](Cc2ccccc2)C(=O)N[C@@H](C)C(=O)N[C@H](CCCNC(=N)N)C(=O)N[C@@H](CCCNC(=N)N)C(=O)N1)C(=O)N[C@H](C)CC(=O)N[C@H](Cc1c[nH]c2ccccc12)C(=O)NCCC(N)=O,2900.0
CHEMBL4861137,C[C@@H]1NC(=O)[C@@H](Cc2ccccc2)NC(=O)[C@@H]2CCCCNC(=O)c3cc(cc(c3)C(=O)N[C@H](Cc3ccc4ccccc4c3)C(=O)N[C@@H](CO)C(=O)N[C@@H](CCC(N)=O)C(=O)N[C@H](Cc3ccc4ccccc4c3)C(=O)N[C@@H](c3ccccc3)C(=O)N2)C(=O)NC[C@@H](C(=O)N[C@@H](CCN)CC(=O)N[C@H](CC(N)=O)C(=O)N[C@H](Cc2ccc(O)cc2)C(=O)N[C@@H](C(N)=O)[C@H](C)O)NC(=O)[C@H](CCCNC(=N)N)NC(=O)[C@@H](CCCNC(=N)N)NC1=O,5700.0
CHEMBL4870144,C[C@@H]1NC(=O)[C@@H](Cc2ccccc2)NC(=O)[C@@H]2CCCCNC(=O)c3cc(cc(c3)C(=O)N[C@H](Cc3ccc4ccccc4c3)C(=O)N[C@@H](CO)C(=O)N[C@@H](CCC(N)=O)C(=O)N[C@H](Cc3ccc4ccccc4c3)C(=O)N[C@@H](c3ccccc3)C(=O)N2)C(=O)NC[C@@H](C(=O)N[C@@H](CCCN)C(=O)N[C@H](CCCNC(=N)N)C(=O)N[C@@H](Cc2ccc(F)cc2)C(=O)N[C@H](C)C(=O)N[C@@H](CCCCN)C(N)=O)NC(=O)[C@H](CCCNC(=N)N)NC(=O)[C@@H](CCCNC(=N)N)NC1=O,1700.0
CHEMBL4863190,C[C@@H]1NC(=O)[C@@H](Cc2ccccc2)NC(=O)[C@@H]2CCCCNC(=O)c3cc(cc(c3)C(=O)N[C@H](Cc3ccc4ccccc4c3)C(=O)N[C@@H](CO)C(=O)N[C@@H](CC(N)=O)C(=O)N[C@H](Cc3ccc4ccccc4c3)C(=O)N[C@@H](c3ccccc3)C(=O)N2)C(=O)NC[C@@H](C(=O)N[C@@H](CCN)CC(=O)N[C@H](CCCNC(=N)N)C(=O)N[C@@H](Cc2ccc(F)cc2)C(=O)N[C@H](C)C(=O)N[C@@H](CCCCN)C(N)=O)NC(=O)[C@H](CCCNC(=N)N)NC(=O)[C@@H](CCCNC(=N)N)NC1=O,890.0
CHEMBL4871362,C[C@@H]1NC(=O)[C@@H](Cc2ccccc2)NC(=O)[C@@H]2CCCCNC(=O)c3cc(cc(c3)C(=O)N[C@H](Cc3ccc4ccccc4c3)C(=O)N[C@@H](CO)C(=O)N[C@@H](CC(N)=O)C(=O)N[C@H](Cc3ccc4ccccc4c3)C(=O)N[C@@H](c3ccccc3)C(=O)N2)C(=O)NC[C@@H](C(=O)N[C@@H](CCN)CC(=O)N[C@H](CCCNC(=N)N)C(=O)N[C@@H](Cc2ccc(F)cc2)C(=O)N[C@H](C)C(N)=O)NC(=O)[C@H](CCCNC(=N)N)NC(=O)[C@@H](CCCNC(=N)N)NC1=O,700.0
CHEMBL4870843,C[C@@H]1NC(=O)[C@@H](Cc2ccccc2)NC(=O)[C@@H]2CCCCNC(=O)c3cc(cc(c3)C(=O)N[C@H](Cc3ccc4ccccc4c3)C(=O)N[C@@H](CO)C(=O)N[C@@H](CC(N)=O)C(=O)N[C@H](Cc3ccc4ccccc4c3)C(=O)N[C@@H](c3ccccc3)C(=O)N2)C(=O)NC[C@@H](C(=O)N[C@@H](CCN)CC(=O)N[C@H](CCCNC(=N)N)C(=O)N[C@@H](Cc2ccc(F)cc2)C(N)=O)NC(=O)[C@H](CCCNC(=N)N)NC(=O)[C@@H](CCCNC(=N)N)NC1=O,550.0
CHEMBL4876249,C[C@@H]1NC(=O)[C@@H](Cc2ccccc2)NC(=O)[C@@H]2CCCCNC(=O)c3cc(cc(c3)C(=O)N[C@H](Cc3ccc4ccccc4c3)C(=O)N[C@@H](CO)C(=O)N[C@@H](CC(N)=O)C(=O)N[C@H](Cc3ccc4ccccc4c3)C(=O)N[C@@H](c3ccccc3)C(=O)N2)C(=O)NC[C@@H](C(=O)N[C@@H](CCN)CC(=O)N[C@H](CCCNC(=N)N)C(N)=O)NC(=O)[C@H](CCCNC(=N)N)NC(=O)[C@@H](CCCNC(=N)N)NC1=O,700.0
CHEMBL4859318,C[C@@H]1NC(=O)[C@@H](Cc2ccccc2)NC(=O)[C@@H]2CCCCNC(=O)c3cc(cc(c3)C(=O)N[C@H](Cc3ccc4ccccc4c3)C(=O)N[C@@H](CO)C(=O)N[C@@H](CC(N)=O)C(=O)N[C@H](Cc3ccc4ccccc4c3)C(=O)N[C@@H](c3ccccc3)C(=O)N2)C(=O)NC[C@@H](C(=O)N[C@@H](CCCN)C(N)=O)NC(=O)[C@H](CCCNC(=N)N)NC(=O)[C@@H](CCCNC(=N)N)NC1=O,1300.0
CHEMBL4856294,C[C@@H]1NC(=O)[C@@H](Cc2ccccc2)NC(=O)[C@@H]2CCCCNC(=O)c3cc(cc(c3)C(=O)N[C@H](Cc3ccc4ccccc4c3)C(=O)N[C@@H](CO)C(=O)N[C@@H](CC(N)=O)C(=O)N[C@H](Cc3ccc4ccccc4c3)C(=O)N[C@@H](c3ccccc3)C(=O)N2)C(=O)NC[C@@H](C(=O)N[C@@H](CCN)CC(=O)N[C@H](CCCNC(=N)N)C(=O)N[C@@H](Cc2ccccc2)C(=O)N[C@H](C)C(N)=O)NC(=O)[C@H](CCCNC(=N)N)NC(=O)[C@@H](CCCNC(=N)N)NC1=O,510.0
CHEMBL4867656,C[C@@H]1NC(=O)[C@@H](Cc2ccccc2)NC(=O)[C@@H]2CCCCNC(=O)c3cc(cc(c3)C(=O)N[C@H](Cc3ccc4ccccc4c3)C(=O)N[C@@H](CO)C(=O)N[C@@H](CC(N)=O)C(=O)N[C@H](Cc3ccc4ccccc4c3)C(=O)N[C@@H](c3ccccc3)C(=O)N2)C(=O)NC[C@@H](C(=O)N[C@@H](CCN)CC(=O)N[C@H](CCCNC(=N)N)C(=O)N[C@@H](Cc2ccc(O)cc2)C(=O)N[C@H](C)C(N)=O)NC(=O)[C@H](CCCNC(=N)N)NC(=O)[C@@H](CCCNC(=N)N)NC1=O,1100.0
CHEMBL4847834,C[C@@H]1NC(=O)[C@@H](Cc2ccccc2)NC(=O)[C@@H]2CCCCNC(=O)c3cc(cc(c3)C(=O)N[C@H](Cc3ccc4ccccc4c3)C(=O)N[C@@H](CO)C(=O)N[C@@H](CC(N)=O)C(=O)N[C@H](Cc3ccc4ccccc4c3)C(=O)N[C@@H](c3ccccc3)C(=O)N2)C(=O)NC[C@@H](C(=O)N[C@@H](CCCN)C(=O)N[C@H](CCCNC(=N)N)C(=O)N[C@@H](CCCNC(=N)N)C(=O)N[C@H](C)C(N)=O)NC(=O)[C@H](CCCNC(=N)N)NC(=O)[C@@H](CCCNC(=N)N)NC1=O,1000.0
CHEMBL4872610,C[C@@H]1NC(=O)[C@@H](Cc2ccccc2)NC(=O)[C@@H]2CCCCNC(=O)c3cc(cc(c3)C(=O)N[C@H](Cc3ccc4ccccc4c3)C(=O)N[C@@H](CO)C(=O)N[C@@H](CC(N)=O)C(=O)N[C@H](Cc3ccc4ccccc4c3)C(=O)N[C@@H](c3ccccc3)C(=O)N2)C(=O)NC[C@@H](C(=O)N[C@@H](CCCN)C(=O)N[C@H](CCCNC(=N)N)C(=O)N[C@H](CCCNC(=N)N)C(=O)N[C@H](C)C(N)=O)NC(=O)[C@H](CCCNC(=N)N)NC(=O)[C@@H](CCCNC(=N)N)NC1=O,700.0
CHEMBL4851141,C[C@@H]1NC(=O)[C@@H](Cc2ccccc2)NC(=O)[C@@H]2CCCCNC(=O)c3cc(cc(c3)C(=O)N[C@H](Cc3ccc4ccccc4c3)C(=O)N[C@@H](CO)C(=O)N[C@@H](CC(N)=O)C(=O)N[C@H](Cc3ccc4ccccc4c3)C(=O)N[C@@H](c3ccccc3)C(=O)N2)C(=O)NC[C@@H](C(=O)N[C@@H](CCCN)C(=O)N[C@H](CCCNC(=N)N)C(=O)N[C@@H](CCc2ccccc2)C(=O)N[C@H](C)C(N)=O)NC(=O)[C@H](CCCNC(=N)N)NC(=O)[C@@H](CCCNC(=N)N)NC1=O,770.0
CHEMBL4847772,C[C@@H]1NC(=O)[C@@H](Cc2ccccc2)NC(=O)[C@@H]2CCCCNC(=O)c3cc(cc(c3)C(=O)N[C@H](Cc3ccc4ccccc4c3)C(=O)N[C@@H](CO)C(=O)N[C@@H](CC(N)=O)C(=O)N[C@H](Cc3ccc4ccccc4c3)C(=O)N[C@@H](c3ccccc3)C(=O)N2)C(=O)NC[C@@H](C(=O)N[C@@H](CCCN)C(=O)N[C@H](CCCNC(=N)N)C(=O)N[C@@H](Cc2c[nH]c3ccccc23)C(=O)N[C@H](C)C(N)=O)NC(=O)[C@H](CCCNC(=N)N)NC(=O)[C@@H](CCCNC(=N)N)NC1=O,2200.0
CHEMBL4877546,C[C@@H]1NC(=O)[C@@H](Cc2ccccc2)NC(=O)[C@@H]2CCCCNC(=O)c3cc(cc(c3)C(=O)N[C@H](Cc3ccc4ccccc4c3)C(=O)N[C@@H](CO)C(=O)N[C@@H](CC(N)=O)C(=O)N[C@H](Cc3ccc4ccccc4c3)C(=O)N[C@@H](c3ccccc3)C(=O)N2)C(=O)NC[C@@H](C(=O)N[C@@H](CCCN)C(=O)N[C@H](CCCNC(=N)N)C(=O)N[C@@H](CC2CCCCC2)C(=O)N[C@H](C)C(N)=O)NC(=O)[C@H](CCCNC(=N)N)NC(=O)[C@@H](CCCNC(=N)N)NC1=O,940.0
CHEMBL4870215,C[C@@H]1NC(=O)[C@@H](Cc2ccccc2)NC(=O)[C@@H]2CCCCNC(=O)c3cc(cc(c3)C(=O)N[C@H](Cc3ccc4ccccc4c3)C(=O)N[C@@H](CO)C(=O)N[C@@H](CC(N)=O)C(=O)N[C@H](Cc3ccc4ccccc4c3)C(=O)N[C@@H](c3ccccc3)C(=O)N2)C(=O)NC[C@@H](C(=O)N[C@@H](CCCN)C(=O)N[C@H](CCCNC(=N)N)C(=O)N[C@H](C(=O)N[C@H](C)C(N)=O)c2ccccc2)NC(=O)[C@H](CCCNC(=N)N)NC(=O)[C@@H](CCCNC(=N)N)NC1=O,760.0
CHEMBL4870167,C[C@@H]1NC(=O)[C@@H](Cc2ccccc2)NC(=O)[C@@H]2CCCCNC(=O)c3cc(cc(c3)C(=O)N[C@H](Cc3ccc4ccccc4c3)C(=O)N[C@@H](CO)C(=O)N[C@@H](CC(N)=O)C(=O)N[C@H](Cc3ccc4ccccc4c3)C(=O)N[C@@H](c3ccccc3)C(=O)N2)C(=O)NC[C@@H](C(=O)N[C@@H](CC(N)=O)C(=O)N[C@H](CCCNC(=N)N)C(=O)N[C@@H](Cc2ccc(F)c(F)c2)C(=O)N[C@H](C)C(N)=O)NC(=O)[C@H](CCCNC(=N)N)NC(=O)[C@@H](CCCNC(=N)N)NC1=O,500.0
CHEMBL4874865,C[C@@H]1NC(=O)[C@@H](Cc2ccccc2)NC(=O)[C@@H]2CCCCNC(=O)c3cc(cc(c3)C(=O)N[C@H](Cc3ccc4ccccc4c3)C(=O)N[C@@H](CO)C(=O)N[C@@H](CC(N)=O)C(=O)N[C@H](Cc3ccc4ccccc4c3)C(=O)N[C@@H](c3ccccc3)C(=O)N2)C(=O)NC[C@@H](C(=O)N[C@@H](CC(N)=O)C(=O)N[C@H](CCCNC(=N)N)C(=O)N[C@@H](Cc2cccc(Cl)c2)C(=O)N[C@H](C)C(N)=O)NC(=O)[C@H](CCCNC(=N)N)NC(=O)[C@@H](CCCNC(=N)N)NC1=O,330.0
CHEMBL4860310,C[C@@H]1NC(=O)[C@@H](Cc2ccccc2)NC(=O)[C@@H]2CCCCNC(=O)c3cc(cc(c3)C(=O)N[C@H](Cc3ccc4ccccc4c3)C(=O)N[C@@H](CO)C(=O)N[C@@H](CC(N)=O)C(=O)N[C@H](Cc3ccc4ccccc4c3)C(=O)N[C@@H](c3ccccc3)C(=O)N2)C(=O)NC[C@@H](C(=O)N[C@@H](CC(N)=O)C(=O)N[C@H](CCCNC(=N)N)C(=O)N[C@@H](Cc2cccnc2)C(=O)N[C@H](C)C(N)=O)NC(=O)[C@H](CCCNC(=N)N)NC(=O)[C@@H](CCCNC(=N)N)NC1=O,410.0
CHEMBL4871622,C[C@@H]1NC(=O)[C@@H](Cc2ccccc2)NC(=O)[C@@H]2CCCCNC(=O)c3cc(cc(c3)C(=O)N[C@H](Cc3ccc4ccccc4c3)C(=O)N[C@@H](CO)C(=O)N[C@@H](CC(N)=O)C(=O)N[C@H](Cc3ccc4ccccc4c3)C(=O)N[C@@H](c3ccccc3)C(=O)N2)C(=O)NC[C@@H](C(=O)N[C@@H](CCCCN)C(=O)N[C@H](CCCNC(=N)N)C(=O)N[C@@H](Cc2ccc(F)cc2)C(=O)N[C@H](C)C(N)=O)NC(=O)[C@H](CCCNC(=N)N)NC(=O)[C@@H](CCCNC(=N)N)NC1=O,1100.0
CHEMBL4857968,C[C@@H]1NC(=O)[C@@H](Cc2ccccc2)NC(=O)[C@@H]2CCCCNC(=O)c3cc(cc(c3)C(=O)N[C@H](Cc3ccc4ccccc4c3)C(=O)N[C@@H](CO)C(=O)N[C@@H](CC(N)=O)C(=O)N[C@H](Cc3ccc4ccccc4c3)C(=O)N[C@@H](c3ccccc3)C(=O)N2)C(=O)NC[C@@H](C(=O)N[C@@H](CN)C(=O)N[C@H](CCCNC(=N)N)C(=O)N[C@@H](Cc2ccc(F)cc2)C(=O)N[C@H](C)C(N)=O)NC(=O)[C@H](CCCNC(=N)N)NC(=O)[C@@H](CCCNC(=N)N)NC1=O,1700.0
CHEMBL4852356,C[C@@H]1NC(=O)[C@@H](Cc2ccccc2)NC(=O)[C@@H]2CCCCNC(=O)c3cc(cc(c3)C(=O)N[C@H](Cc3ccc4ccccc4c3)C(=O)N[C@@H](CO)C(=O)N[C@@H](CC(N)=O)C(=O)N[C@H](Cc3ccc4ccccc4c3)C(=O)N[C@@H](c3ccccc3)C(=O)N2)C(=O)NC[C@@H](C(=O)N[C@@H](CCN)C(=O)N[C@H](CCCNC(=N)N)C(=O)N[C@@H](Cc2ccccc2)C(=O)N[C@H](C)C(N)=O)NC(=O)[C@H](CCCNC(=N)N)NC(=O)[C@@H](CCCNC(=N)N)NC1=O,870.0
CHEMBL4860021,C[C@@H]1NC(=O)[C@@H](Cc2ccccc2)NC(=O)[C@@H]2CCCCNC(=O)c3cc(cc(c3)C(=O)N[C@H](Cc3ccc4ccccc4c3)C(=O)N[C@@H](CO)C(=O)N[C@@H](CC(N)=O)C(=O)N[C@H](Cc3ccc4ccccc4c3)C(=O)N[C@@H](c3ccccc3)C(=O)N2)C(=O)NC[C@@H](C(=O)N[C@@H](CC(N)=O)C(=O)N[C@H](CCCNC(=N)N)C(=O)N[C@@H](Cc2ccccc2)C(=O)N[C@H](C)C(N)=O)NC(=O)[C@H](CCCNC(=N)N)NC(=O)[C@@H](CCCNC(=N)N)NC1=O,280.0
CHEMBL4849298,C[C@@H]1NC(=O)[C@@H](Cc2ccccc2)NC(=O)[C@@H]2CCCCNC(=O)c3cc(cc(c3)C(=O)N[C@H](Cc3ccc4ccccc4c3)C(=O)N[C@@H](CO)C(=O)N[C@@H](CC(N)=O)C(=O)N[C@H](Cc3ccc4ccccc4c3)C(=O)N[C@@H](c3ccccc3)C(=O)N2)C(=O)NC[C@@H](C(=O)N[C@@H](CCC(N)=O)C(=O)N[C@H](CCCNC(=N)N)C(=O)N[C@@H](Cc2ccccc2)C(=O)N[C@H](C)C(N)=O)NC(=O)[C@H](CCCNC(=N)N)NC(=O)[C@@H](CCCNC(=N)N)NC1=O,230.0
CHEMBL4845665,C[C@@H]1NC(=O)[C@@H](Cc2ccccc2)NC(=O)[C@@H]2CCCCNC(=O)c3cc(cc(c3)C(=O)N[C@H](Cc3ccc4ccccc4c3)C(=O)N[C@@H](CO)C(=O)N[C@@H](CC(N)=O)C(=O)N[C@H](Cc3ccc4ccccc4c3)C(=O)N[C@@H](c3ccccc3)C(=O)N2)C(=O)NC[C@@H](C(=O)N[C@@H](CCCN)C(=O)N[C@H](CCCNC(=N)N)C(=O)N[C@@H](Cc2ccccc2)C(=O)N[C@H](C)C(N)=O)NC(=O)[C@H](CCCNC(=N)N)NC(=O)[C@@H](CCCNC(=N)N)NC1=O,650.0
CHEMBL4869131,C[C@@H](NC(=O)[C@H](Cc1ccccc1)NC(=O)[C@@H](CCCNC(=N)N)NC(=O)[C@H](CCCN)NC(=O)[C@@H]1CNC(=O)c2cc3cc(c2)C(=O)N[C@H](Cc2ccc4ccccc4c2)C(=O)N[C@@H](CO)C(=O)N[C@@H](CC(N)=O)C(=O)N[C@H](Cc2ccc4ccccc4c2)C(=O)N[C@@H](c2ccccc2)C(=O)N[C@@H](CCCCNC3=O)C(=O)N[C@@H](Cc2ccccc2)C(=O)N[C@H](C)C(=O)N[C@H](CCCNC(=N)N)C(=O)N[C@@H](CCCNC(=N)N)C(=O)N1)C(N)=O,520.0
CHEMBL4852857,CC[C@H]1NC(=O)[C@@H](Cc2ccccc2)NC(=O)[C@@H]2CCCCNC(=O)c3cc(cc(c3)C(=O)N[C@H](Cc3ccc4ccccc4c3)C(=O)N[C@@H](CO)C(=O)N[C@@H](CC(N)=O)C(=O)N[C@H](Cc3ccc4ccccc4c3)C(=O)N[C@@H](c3ccccc3)C(=O)N2)C(=O)NC[C@@H](C(=O)N[C@@H](CCCN)C(=O)N[C@H](CCCNC(=N)N)C(=O)N[C@@H](Cc2ccccc2)C(=O)N[C@H](C)C(N)=O)NC(=O)[C@H](CCCNC(=N)N)NC(=O)[C@@H](CCCNC(=N)N)NC1=O,610.0
CHEMBL4862082,CC(C)C[C@H]1NC(=O)[C@@H](Cc2ccccc2)NC(=O)[C@@H]2CCCCNC(=O)c3cc(cc(c3)C(=O)N[C@H](Cc3ccc4ccccc4c3)C(=O)N[C@@H](CO)C(=O)N[C@@H](CC(N)=O)C(=O)N[C@H](Cc3ccc4ccccc4c3)C(=O)N[C@@H](c3ccccc3)C(=O)N2)C(=O)NC[C@@H](C(=O)N[C@@H](CCCN)C(=O)N[C@H](CCCNC(=N)N)C(=O)N[C@@H](Cc2ccccc2)C(=O)N[C@H](C)C(N)=O)NC(=O)[C@H](CCCNC(=N)N)NC(=O)[C@@H](CCCNC(=N)N)NC1=O,790.0
CHEMBL4864561,C[C@@H](NC(=O)[C@H](Cc1ccccc1)NC(=O)[C@@H](CCCNC(=N)N)NC(=O)[C@H](CCCN)NC(=O)[C@@H]1CNC(=O)c2cc3cc(c2)C(=O)N[C@H](Cc2ccc4ccccc4c2)C(=O)N[C@@H](CO)C(=O)N[C@@H](CC(N)=O)C(=O)N[C@H](Cc2ccc4ccccc4c2)C(=O)N[C@@H](c2ccccc2)C(=O)N[C@@H](CCCCNC3=O)C(=O)N[C@H](Cc2ccccc2)C(=O)N[C@H](CO)C(=O)N[C@H](CCCNC(=N)N)C(=O)N[C@@H](CCCNC(=N)N)C(=O)N1)C(N)=O,560.0
CHEMBL4847131,C[C@@H](NC(=O)[C@H](Cc1ccccc1)NC(=O)[C@@H](CCCNC(=N)N)NC(=O)[C@H](CCCN)NC(=O)[C@@H]1CNC(=O)c2cc3cc(c2)C(=O)N[C@H](Cc2ccc4ccccc4c2)C(=O)N[C@@H](CO)C(=O)N[C@@H](CC(N)=O)C(=O)N[C@H](Cc2ccc4ccccc4c2)C(=O)N[C@@H](c2ccccc2)C(=O)N[C@@H](CCCCNC3=O)C(=O)N[C@H](Cc2ccccc2)C(=O)N[C@H](Cc2cnc[nH]2)C(=O)N[C@H](CCCNC(=N)N)C(=O)N[C@@H](CCCNC(=N)N)C(=O)N1)C(N)=O,1000.0
CHEMBL4860356,C[C@@H](NC(=O)[C@H](Cc1ccccc1)NC(=O)[C@@H](CCCNC(=N)N)NC(=O)[C@H](CCCN)NC(=O)[C@@H]1CNC(=O)c2cc3cc(c2)C(=O)N[C@H](Cc2ccc4ccccc4c2)C(=O)N[C@@H](CO)C(=O)N[C@@H](CC(N)=O)C(=O)N[C@H](Cc2ccc4ccccc4c2)C(=O)N[C@@H](c2ccccc2)C(=O)N[C@@H](CCCCNC3=O)C(=O)N[C@H](Cc2ccccc2)C(=O)N[C@H](CC(N)=O)C(=O)N[C@H](CCCNC(=N)N)C(=O)N[C@@H](CCCNC(=N)N)C(=O)N1)C(N)=O,1200.0
CHEMBL4864250,C[C@@H](NC(=O)[C@H](Cc1ccccc1)NC(=O)[C@@H](CCCNC(=N)N)NC(=O)[C@H](CCCN)NC(=O)[C@@H]1CNC(=O)c2cc3cc(c2)C(=O)N[C@H](Cc2ccc4ccccc4c2)C(=O)N[C@@H](CO)C(=O)N[C@@H](CC(N)=O)C(=O)N[C@H](Cc2ccc4ccccc4c2)C(=O)N[C@@H](c2ccccc2)C(=O)N[C@@H](CCCCNC3=O)C(=O)N[C@H](Cc2ccccc2)C(=O)N[C@H](CCCN)C(=O)N[C@H](CCCNC(=N)N)C(=O)N[C@@H](CCCNC(=N)N)C(=O)N1)C(N)=O,830.0
CHEMBL4869496,C[C@@H](NC(=O)[C@H](Cc1ccccc1)NC(=O)[C@@H](CCCNC(=N)N)NC(=O)[C@H](CCCN)NC(=O)[C@@H]1CNC(=O)c2cc3cc(c2)C(=O)N[C@H](Cc2ccc4ccccc4c2)C(=O)N[C@@H](CO)C(=O)N[C@@H](CC(N)=O)C(=O)N[C@H](Cc2csc4ccccc24)C(=O)N[C@@H](c2ccccc2)C(=O)N[C@@H](CCCCNC3=O)C(=O)N[C@H](Cc2ccccc2)C(=O)N[C@H](CCC(N)=O)C(=O)N[C@H](CCCNC(=N)N)C(=O)N[C@@H](CCCNC(=N)N)C(=O)N1)C(N)=O,640.0
CHEMBL4872844,C[C@@H]1NC(=O)[C@H](CO)NC(=O)[C@@H](Cc2ccc3ccccc3c2)NC(=O)c2cc3cc(c2)C(=O)NC[C@@H](C(=O)N[C@@H](CCCN)C(=O)N[C@H](CCCNC(=N)N)C(=O)N[C@@H](Cc2ccccc2)C(=O)N[C@H](C)C(N)=O)NC(=O)[C@H](CCCNC(=N)N)NC(=O)[C@@H](CCCNC(=N)N)NC(=O)[C@@H](CCC(N)=O)NC(=O)[C@@H](Cc2ccccc2)NC(=O)[C@H](CCCCNC3=O)NC(=O)[C@H](c2ccccc2)NC(=O)[C@@H](Cc2ccc3ccccc3c2)NC1=O,710.0
CHEMBL4869530,C[C@@H](NC(=O)[C@H](Cc1ccccc1)NC(=O)[C@@H](CCCNC(=N)N)NC(=O)[C@H](CCCN)NC(=O)[C@@H]1CNC(=O)c2cc3cc(c2)C(=O)N[C@H](Cc2ccc4ccccc4c2)C(=O)N[C@@H](CO)C(=O)N[C@@H](CO)C(=O)N[C@H](Cc2ccc4ccccc4c2)C(=O)N[C@@H](c2ccccc2)C(=O)N[C@@H](CCCCNC3=O)C(=O)N[C@H](Cc2ccccc2)C(=O)N[C@H](CCC(N)=O)C(=O)N[C@H](CCCNC(=N)N)C(=O)N[C@@H](CCCNC(=N)N)C(=O)N1)C(N)=O,860.0
CHEMBL4876688,C[C@@H](NC(=O)[C@H](Cc1ccccc1)NC(=O)[C@@H](CCCNC(=N)N)NC(=O)[C@H](CCCN)NC(=O)[C@@H]1CNC(=O)c2cc3cc(c2)C(=O)N[C@H](Cc2ccc4ccccc4c2)C(=O)N[C@@H](CC(N)=O)C(=O)N[C@@H](CC(N)=O)C(=O)N[C@H](Cc2ccc4ccccc4c2)C(=O)N[C@@H](c2ccccc2)C(=O)N[C@@H](CCCCNC3=O)C(=O)N[C@H](Cc2ccccc2)C(=O)N[C@H](CCC(N)=O)C(=O)N[C@H](CCCNC(=N)N)C(=O)N[C@@H](CCCNC(=N)N)C(=O)N1)C(N)=O,1300.0
CHEMBL4862260,C[C@@H](NC(=O)[C@H](Cc1ccccc1)NC(=O)[C@@H](CCCNC(=N)N)NC(=O)[C@H](CCCN)NC(=O)[C@@H]1CNC(=O)c2cc3cc(c2)C(=O)N[C@H](Cc2ccc4ccccc4c2)C(=O)N[C@@H](C[C@H](N)O)C(=O)N[C@@H](CC(N)=O)C(=O)N[C@H](Cc2ccc4ccccc4c2)C(=O)N[C@@H](c2ccccc2)C(=O)N[C@@H](CCCCNC3=O)C(=O)N[C@H](Cc2ccccc2)C(=O)N[C@H](CCC(N)=O)C(=O)N[C@H](CCCNC(=N)N)C(=O)N[C@@H](CCCNC(=N)N)C(=O)N1)C(N)=O,1200.0
CHEMBL4848941,C[C@@H](NC(=O)[C@H](Cc1ccccc1)NC(=O)[C@@H](CCCNC(=N)N)NC(=O)[C@H](CCCN)NC(=O)[C@@H]1CNC(=O)c2cc3cc(c2)C(=O)N[C@H](Cc2ccc4ccccc4c2)C(=O)N[C@@H](CCO)C(=O)N[C@@H](CC(N)=O)C(=O)N[C@H](Cc2ccc4ccccc4c2)C(=O)N[C@@H](c2ccccc2)C(=O)N[C@@H](CCCCNC3=O)C(=O)N[C@H](Cc2ccccc2)C(=O)N[C@H](CCC(N)=O)C(=O)N[C@H](CCCNC(=N)N)C(=O)N[C@@H](CCCNC(=N)N)C(=O)N1)C(N)=O,1000.0
CHEMBL4874466,C[C@@H](NC(=O)[C@H](Cc1ccccc1)NC(=O)[C@@H](CCCNC(=N)N)NC(=O)[C@H](CCCN)NC(=O)[C@@H]1CNC(=O)c2cc3cc(c2)C(=O)N[C@H](Cc2csc4ccccc24)C(=O)N[C@@H](CO)C(=O)N[C@@H](CC(N)=O)C(=O)N[C@H](Cc2ccc4ccccc4c2)C(=O)N[C@@H](c2ccccc2)C(=O)N[C@@H](CCCCNC3=O)C(=O)N[C@H](Cc2ccccc2)C(=O)N[C@H](CCC(N)=O)C(=O)N[C@H](CCCNC(=N)N)C(=O)N[C@@H](CCCNC(=N)N)C(=O)N1)C(N)=O,750.0
CHEMBL4850331,C[C@@H](NC(=O)[C@H](Cc1ccccc1)NC(=O)[C@@H](CCCNC(=N)N)NC(=O)[C@H](CCCN)NC(=O)[C@@H]1CNC(=O)c2cc3cc(c2)C(=O)N[C@H](Cc2ccc4ccccc4c2)C(=O)N[C@@H](CO)C(=O)N[C@@H](CC(N)=O)C(=O)N[C@H](Cc2ccc4ccccc4c2)C(=O)N[C@@H](c2ccccc2)C(=O)N[C@@H](CCCCNC3=O)C(=O)N[C@H](Cc2ccc(F)cc2)C(=O)N[C@H](CCC(N)=O)C(=O)N[C@H](CCCNC(=N)N)C(=O)N[C@@H](CCCNC(=N)N)C(=O)N1)C(N)=O,550.0
CHEMBL4879058,C[C@@H](NC(=O)[C@H](Cc1ccccc1)NC(=O)[C@@H](CCCNC(=N)N)NC(=O)[C@H](CCCN)NC(=O)[C@@H]1CNC(=O)c2cc3cc(c2)C(=O)N[C@H](Cc2ccc4ccccc4c2)C(=O)N[C@@H](CO)C(=O)N[C@@H](CC(N)=O)C(=O)N[C@H](Cc2ccc4ccccc4c2)C(=O)N[C@@H](c2ccccc2)C(=O)N[C@@H](CCCCNC3=O)C(=O)N[C@H](Cc2cccc(Cl)c2)C(=O)N[C@H](CCC(N)=O)C(=O)N[C@H](CCCNC(=N)N)C(=O)N[C@@H](CCCNC(=N)N)C(=O)N1)C(N)=O,710.0
CHEMBL4849460,C[C@@H](NC(=O)[C@H](Cc1ccccc1)NC(=O)[C@@H](CCCNC(=N)N)NC(=O)[C@H](CCCN)NC(=O)[C@@H]1CNC(=O)c2cc3cc(c2)C(=O)N[C@H](Cc2ccc4ccccc4c2)C(=O)N[C@@H](CO)C(=O)N[C@@H](CC(N)=O)C(=O)N[C@H](Cc2ccc4ccccc4c2)C(=O)N[C@@H](c2ccccc2)C(=O)N[C@@H](CCCCNC3=O)C(=O)N[C@@H](Cc2ccccc2)C(=O)N[C@H](CCC(N)=O)C(=O)N[C@H](CCCNC(=N)N)C(=O)N[C@@H](CCCNC(=N)N)C(=O)N1)C(N)=O,560.0
CHEMBL4859210,C[C@H](NC(=O)C[C@H](Cc1ccccc1)NC(=O)[C@@H](CCCNC(=N)N)NC(=O)[C@H](CCCN)NC(=O)[C@@H]1CNC(=O)c2cc3cc(c2)C(=O)N[C@H](Cc2ccc4ccccc4c2)C(=O)N[C@@H](CO)C(=O)N[C@@H](CC(N)=O)C(=O)N[C@H](Cc2ccc4ccccc4c2)C(=O)N[C@@H](c2ccccc2)C(=O)N[C@@H](CCCCNC3=O)C(=O)N[C@H](Cc2ccccc2)C(=O)N[C@H](CCC(N)=O)C(=O)N[C@H](CCCNC(=N)N)C(=O)N[C@@H](CCCNC(=N)N)C(=O)N1)C(N)=O,710.0
CHEMBL4872691,CC(C)[C@H](NC(=O)[C@H](Cc1ccccc1)NC(=O)[C@@H](CCCNC(=N)N)NC(=O)[C@H](CCCN)NC(=O)[C@@H]1CNC(=O)c2cc3cc(c2)C(=O)N[C@H](Cc2ccc4ccccc4c2)C(=O)N[C@@H](CO)C(=O)N[C@@H](CC(N)=O)C(=O)N[C@H](Cc2ccc4ccccc4c2)C(=O)N[C@@H](c2ccccc2)C(=O)N[C@@H](CCCCNC3=O)C(=O)N[C@H](Cc2ccccc2)C(=O)N[C@H](CCC(N)=O)C(=O)N[C@H](CCCNC(=N)N)C(=O)N[C@@H](CCCNC(=N)N)C(=O)N1)C(N)=O,610.0
CHEMBL4854699,C[C@@H](O)[C@H](NC(=O)[C@H](Cc1ccccc1)NC(=O)[C@@H](CCCNC(=N)N)NC(=O)[C@H](CCCN)NC(=O)[C@@H]1CNC(=O)c2cc3cc(c2)C(=O)N[C@H](Cc2ccc4ccccc4c2)C(=O)N[C@@H](CO)C(=O)N[C@@H](CC(N)=O)C(=O)N[C@H](Cc2ccc4ccccc4c2)C(=O)N[C@@H](c2ccccc2)C(=O)N[C@@H](CCCCNC3=O)C(=O)N[C@H](Cc2ccccc2)C(=O)N[C@H](CCC(N)=O)C(=O)N[C@H](CCCNC(=N)N)C(=O)N[C@@H](CCCNC(=N)N)C(=O)N1)C(N)=O,570.0
CHEMBL4852330,N=C(N)NCCC[C@@H]1NC(=O)[C@@H](CCCNC(=N)N)NC(=O)[C@@H](CCC(N)=O)NC(=O)[C@@H](Cc2ccccc2)NC(=O)[C@@H]2CCCCNC(=O)c3cc(cc(c3)C(=O)N[C@H](Cc3ccc4ccccc4c3)C(=O)N[C@@H](CO)C(=O)N[C@@H](CC(N)=O)C(=O)N[C@H](Cc3ccc4ccccc4c3)C(=O)N[C@@H](c3ccccc3)C(=O)N2)C(=O)NC[C@@H](C(=O)N[C@@H](CCCN)C(=O)N[C@H](CCCNC(=N)N)C(=O)N[C@@H](Cc2ccccc2)C(=O)N[C@H](CO)C(N)=O)NC1=O,750.0
CHEMBL4869701,N=C(N)NCCC[C@@H]1NC(=O)[C@@H](CCCNC(=N)N)NC(=O)[C@@H](CCC(N)=O)NC(=O)[C@@H](Cc2ccccc2)NC(=O)[C@@H]2CCCCNC(=O)c3cc(cc(c3)C(=O)N[C@H](Cc3ccc4ccccc4c3)C(=O)N[C@@H](CO)C(=O)N[C@@H](CC(N)=O)C(=O)N[C@H](Cc3ccc4ccccc4c3)C(=O)N[C@@H](c3ccccc3)C(=O)N2)C(=O)NC[C@@H](C(=O)N[C@@H](CCCN)C(=O)N[C@H](CCCNC(=N)N)C(=O)N[C@@H](Cc2ccccc2)C(=O)N[C@H](CC(N)=O)C(N)=O)NC1=O,2200.0
CHEMBL4860763,N=C(N)NCCC[C@@H]1NC(=O)[C@@H](CCCNC(=N)N)NC(=O)[C@@H](CCC(N)=O)NC(=O)[C@@H](Cc2ccccc2)NC(=O)[C@@H]2CCCCNC(=O)c3cc(cc(c3)C(=O)N[C@H](Cc3ccc4ccccc4c3)C(=O)N[C@@H](CO)C(=O)N[C@@H](CC(N)=O)C(=O)N[C@H](Cc3ccc4ccccc4c3)C(=O)N[C@@H](c3ccccc3)C(=O)N2)C(=O)NC[C@@H](C(=O)N[C@@H](CCCN)C(=O)N[C@H](CCCNC(=N)N)C(=O)N[C@@H](Cc2ccccc2)C(=O)NCCC(N)=O)NC1=O,1100.0
CHEMBL4859387,C=CC(=O)N1CCN(c2c(C#N)c(=O)n(-c3c(C)ccnc3C(C)C)c3nc(-c4c(N)c(Cl)cc(Cl)c4F)c(Cl)cc23)C[C@@H]1CC#N,6.66
CHEMBL4873282,C=CC(=O)N1[C@H](C)CN(c2c(C#N)c(=O)n(-c3c(C)ccnc3C(C)C)c3nc(-c4c(N)c(Cl)cc(Cl)c4F)c(Cl)cc23)C[C@@H]1C,2.832
CHEMBL4870767,C=CC(=O)N1CCN(c2c(C#N)c(=O)n(-c3c(C)ccnc3C(C)C)c3nc(-c4c(N)c(Cl)cc(Cl)c4F)c(Cl)cc23)C[C@H]1C,2.535
CHEMBL4859820,C=CC(=O)N1CCN(c2c(C#N)c(=O)n(-c3c(C)ccnc3C(C)C)c3nc(-c4c(N)c(Cl)cc(Cl)c4F)c(Cl)cc23)CC1,1.947
CHEMBL4867102,C=CC(=O)N1CCN(c2c(C#N)c(=O)n(-c3c(C)ccnc3C(C)C)c3nc(-c4c(N)c(Cl)cc(Cl)c4F)c(Cl)cc23)CC1CC#N,5.188
CHEMBL4857822,C=CC(=O)N1CCN(c2c(C#N)c(=O)n(-c3c(C(C)C)ncnc3C(C)C)c3nc(-c4c(N)c(Cl)cc(Cl)c4F)c(Cl)cc23)CC1,4.737
CHEMBL4876344,C=CC(=O)N1CCN(c2c(C#N)c(=O)n(-c3c(C)ccnc3C(C)C)c3nc(-c4ccccc4F)c(Cl)cc23)CC1,4.4
CHEMBL4860030,C=CC(=O)N1CCN(c2c(C#N)c(=O)n(-c3c(C(C)C)ncnc3C(C)C)c3nc(-c4c(N)cccc4F)c(Cl)cc23)CC1,2.77
CHEMBL4859236,Oc1cc(-c2ncc3c(N4CC5CCC(C4)N5)nc(OCC45CCCN4CCC5)nc3c2F)c2c(Cl)cccc2c1,0.4
CHEMBL4863339,C#Cc1cccc2cc(O)cc(-c3ncc4c(N5CC6CCC(C5)N6)nc(OCC56CCCN5CCC6)nc4c3F)c12,0.3
CHEMBL4867851,C#Cc1c(F)ccc2cc(O)cc(-c3ncc4c(N5CC6CCC(C5)N6)nc(OCC56CCCN5CCC6)nc4c3F)c12,0.6
CHEMBL4876040,C#Cc1cccc2cc(O)cc(-c3ncc4c(N5CC6CCC(C5)N6)nc(OC[C@@]56CCCN5C[C@H](F)C6)nc4c3F)c12,0.4
CHEMBL4857719,Oc1cc(-c2ncc3c(N4CC5CCC(C4)N5)nc(OCC45CCCN4CCC5)nc3c2F)c2c(Cl)c(F)ccc2c1,0.5
CHEMBL4874297,Oc1cc(-c2ncc3c(N4CC5CCC(C4)N5)nc(OC[C@@]45CCCN4C[C@H](F)C5)nc3c2F)c2c(F)c(F)ccc2c1,0.6
CHEMBL4857438,Oc1cc(-c2ncc3c(N4CC5CCC(C4)N5)nc(OC[C@@]45CCCN4C[C@H](F)C5)nc3c2F)c2c(Cl)cccc2c1,0.2
CHEMBL4858364,C#Cc1c(F)ccc2cc(O)cc(-c3ncc4c(N5CC6CCC(C5)N6)nc(OC[C@@]56CCCN5C[C@H](F)C6)nc4c3F)c12,0.4
CHEMBL4863371,CCc1c(F)ccc2cc(O)cc(-c3ncc4c(N5CC6CCC(C5)N6)nc(OC[C@@]56CCCN5C[C@H](F)C6)nc4c3F)c12,0.8
CHEMBL4855757,Oc1cc(-c2ncc3c(N4CC5CCC(C4)N5)nc(OCC45CCCN4C(CF)CC5)nc3c2F)c2ccccc2c1,0.1
CHEMBL4876243,COC1CN2CCCC2(COc2nc(N3CC4CCC(C3)N4)c3cnc(-c4cc(O)cc5cccc(F)c45)c(F)c3n2)C1,0.6
CHEMBL4872788,Fc1c(-c2cccc3c2CC2CC32)ncc2c(N3CC4CCC(C3)N4)nc(OC[C@@]34CCCN3C[C@H](F)C4)nc12,20.1
CHEMBL5077861,C=CC(=O)N1CC2(CC(n3nc(-c4ccc5c(cnn5C)c4)c(-c4c(Cl)c(C)cc5[nH]ncc45)c3C)C2)C1,17.0
CHEMBL5076213,C=CC(=O)N1CC2(CC(n3nc(-c4ccc(-n5cncn5)cc4)c(-c4c(Cl)c(C)cc5[nH]ncc45)c3C)C2)C1,93.0
CHEMBL5083497,C=CC(=O)N1CC2(CC(n3nc(-c4ccc5c(cnn5CCN5CC[C@H](F)C5)c4)c(-c4c(Cl)c(C)cc5[nH]ncc45)c3C)C2)C1,14.0
CHEMBL5075960,C=CC(=O)N1CC2(CC(n3nc(-c4ccc(N5CCC5=O)cc4)c(-c4c(Cl)c(C)cc5[nH]ncc45)c3C)C2)C1,27.0
CHEMBL5080777,C=CC(=O)N1CC2(CC(n3nc(-c4ccc(CC(C)(C)O)cc4)c(-c4c(Cl)c(C)cc5[nH]ncc45)c3C)C2)C1,12.0
CHEMBL5081366,C=CC(=O)N1CC2(CC(n3nc(-c4ccc(OCCO)cc4)c(-c4c(Cl)c(C)cc5[nH]ncc45)c3C)C2)C1,26.0
CHEMBL5078639,C=CC(=O)N1CC2(CC(n3nc(-c4ccc5c(c4)OC(CO)C5)c(-c4c(Cl)c(C)cc5[nH]ncc45)c3C)C2)C1,38.0
CHEMBL5080264,C=CC(=O)N1CC2(CC(n3nc(-c4ccc5nn(CCOC)cc5c4)c(-c4c(Cl)c(C)cc5[nH]nc(N)c45)c3C)C2)C1,9.0
CHEMBL5085560,C=CC(=O)N1CC2(CC(n3nc(-c4ccc5c(c4)CCN5C(=O)CN4CC[C@H](F)C4)c(-c4c(Cl)c(C)cc5[nH]ncc45)c3C)C2)C1,15.0
CHEMBL5080840,CN1CCC[C@H]1COc1nc(N2C[C@H]3CC[C@@H](C2)N3)c2cnc(-c3cc(O)cc4ccccc34)c(F)c2n1,530.0
CHEMBL5090412,CN(C)C1CN(c2nc(N3CC4CCC(C3)N4)c3cnc(-c4cc(O)cc5ccccc45)c(F)c3n2)C1,1300.0
CHEMBL5080117,Cn1ccnc1CCOc1nc(N2C[C@H]3CC[C@@H](C2)N3)c2cnc(-c3cc(O)cc4ccccc34)c(F)c2n1,3500.0
CHEMBL5085544,Oc1cc(-c2ncc3c(N4C[C@H]5CC[C@@H](C4)N5)nc(OCCN4C[C@@H]5C[C@H]4CO5)nc3c2F)c2ccccc2c1,3000.0
CHEMBL5091064,Oc1cc(-c2ncc3c(N4C[C@H]5CC[C@@H](C4)N5)nc(OCC45CCCN4CCC5)nc3c2F)c2ccccc2c1,270.0
CHEMBL5087737,Oc1cc(-c2ncc3c(N4CC5CCC(C4)N5)nc(OCC45CCCCN4CCC5)nc3c2F)c2ccccc2c1,650.0
CHEMBL5093274,Oc1cc(-c2ncc3c(N4C[C@H]5CC[C@@H](C4)N5)nc(OC[C@]45CCCN4C[C@@H](F)C5)nc3c2F)c2ccccc2c1,64.0
CHEMBL5089133,Oc1cc(-c2ncc3c(N4C[C@H]5CC[C@@H](C4)N5)nc(OC[C@@]45CCCN4C[C@H](F)C5)nc3c2F)c2ccccc2c1,24.0
CHEMBL5084656,Fc1c(-c2cccc3cccc(F)c23)ncc2c(N3C[C@H]4CC[C@@H](C3)N4)nc(OCC34CCCN3CCC4)nc12,380.0
CHEMBL5074273,Fc1c(-c2cccc3cccc(Cl)c23)ncc2c(N3C[C@H]4CC[C@@H](C3)N4)nc(OCC34CCCN3CCC4)nc12,190.0
CHEMBL5093531,Cc1cccc2cccc(-c3ncc4c(N5C[C@H]6CC[C@@H](C5)N6)nc(OCC56CCCN5CCC6)nc4c3F)c12,2500.0
CHEMBL5091301,CCc1cccc2cccc(-c3ncc4c(N5C[C@H]6CC[C@@H](C5)N6)nc(OCC56CCCN5CCC6)nc4c3F)c12,200.0
CHEMBL5091903,COc1cccc2cccc(-c3ncc4c(N5C[C@H]6CC[C@@H](C5)N6)nc(OCC56CCCN5CCC6)nc4c3F)c12,1200.0
CHEMBL5091244,C#Cc1cccc2cccc(-c3ncc4c(N5C[C@H]6CC[C@@H](C5)N6)nc(OCC56CCCN5CCC6)nc4c3F)c12,71.0
CHEMBL5094356,Fc1ccc2cccc(-c3ncc4c(N5C[C@H]6CC[C@@H](C5)N6)nc(OCC56CCCN5CCC6)nc4c3F)c2c1,370.0
CHEMBL5070295,Fc1ccc2cccc(-c3ncc4c(N5C[C@H]6CC[C@@H](C5)N6)nc(OCC56CCCN5CCC6)nc4c3F)c2c1F,97.0
CHEMBL5087229,C#Cc1c(F)ccc2cccc(-c3ncc4c(N5C[C@H]6CC[C@@H](C5)N6)nc(OCC56CCCN5CCC6)nc4c3F)c12,24.0
CHEMBL5085690,Oc1cc(-c2ncc3c(N4C[C@H]5CC[C@@H](C4)N5)nc(OCC45CCCN4CCC5)nc3c2F)c2c(Cl)cccc2c1,63.0
CHEMBL5083652,C#Cc1cccc2cc(O)cc(-c3ncc4c(N5C[C@H]6CC[C@@H](C5)N6)nc(OCC56CCCN5CCC6)nc4c3F)c12,14.0
CHEMBL5081048,C#Cc1c(F)ccc2cc(O)cc(-c3ncc4c(N5C[C@H]6CC[C@@H](C5)N6)nc(OC[C@@]56CCCN5C[C@H](F)C6)nc4c3F)c12,2.0
CHEMBL5089026,Oc1cc(-c2ncc3c(N4CC5CCC(C4)N5)ncnc3c2F)c2ccccc2c1,10000.0
CHEMBL5073668,CN(C)CCOc1nc(N2C[C@H]3CC[C@@H](C2)N3)c2cnc(-c3cc(O)cc4ccccc34)c(F)c2n1,10000.0
CHEMBL5079995,O=C1CCC2(COc3nc(N4CC5CCC(C4)N5)c4cnc(-c5cc(O)cc6ccccc56)c(F)c4n3)CCCN12,10000.0
CHEMBL5082116,Fc1c(-c2cccc3ccccc23)ncc2c(N3C[C@H]4CC[C@@H](C3)N4)nc(OCC34CCCN3CCC4)nc12,10000.0
CHEMBL5090577,OCc1cccc2cccc(-c3ncc4c(N5C[C@H]6CC[C@@H](C5)N6)nc(OCC56CCCN5CCC6)nc4c3F)c12,10000.0
CHEMBL5091178,C=CC(=O)N1CCN(c2nc(OC[C@@H]3CCCN3C)nc3c2CCC2(CCc4ccccc4C2)C3)C[C@@H]1CC#N,142.0
CHEMBL5083037,C=CC(=O)N1CCN(c2nc(OC[C@@H]3CCCN3C)nc3c2CC[C@@]2(CCc4ccccc4C2)C3)C[C@@H]1CC#N,291.0
CHEMBL5073085,C=CC(=O)N1CCN(c2nc(OC[C@@H]3CCCN3C)nc3c2CC[C@]2(CCc4ccccc4C2)C3)C[C@@H]1CC#N,131.0
CHEMBL5077647,C=CC(=O)N1CCN(c2nc(OC[C@@H]3CCCN3C)nc3c2C[C@@H](C)[C@H](c2c(F)c(N)cc(C)c2C(F)(F)F)C3)[C@@H](C)C1,10.0
CHEMBL5092687,C=CC(=O)N1CCN(c2nc(OC[C@@H]3CCCN3C)nc3c2C[C@@H](C)[C@H](c2nc(N)cc(C)c2C(F)(F)F)C3)[C@@H](C)C1,10.0
CHEMBL5074707,C=CC(=O)N1CCN(c2nc(OC[C@@H]3CCCN3C)nc3c2C[C@@H](C)[C@H](c2cc(O)cc4ccccc24)C3)[C@@H](C)C1,10.0
CHEMBL5073894,C=CC(=O)N1CCN(c2nc(OC[C@@H]3CCCN3C)nc3c2C[C@@H](C)[C@H](c2c(C(F)(F)F)ccc(N)c2F)C3)[C@@H](C)C1,10.0
CHEMBL5090056,C=CC(=O)N1CCN(c2nc(OC[C@@H]3C[C@H](F)CN3C)nc3c2C[C@@H](C)[C@H](c2cc(O)cc4ccccc24)C3)[C@@H](C)C1,11.0
CHEMBL5079099,C=CC(=O)N1CCN(c2nc(OCc3cn(C)cn3)nc3c2CC[C@H](c2cc(O)cc4ccccc24)C3)[C@@H](C)C1,470.0
CHEMBL5081562,CC[C@H](C)C1NC(=O)[C@@H]2CCCN2C(=O)[C@H](Cc2ccc(O)cc2)NC(=O)[C@@H](NC(=O)[C@H](CC(=O)O)NC(=O)[C@H](Cc2ccc(O)cc2)NC(=O)[C@H](Cc2ccccc2)NC(=O)[C@H](Cc2c[nH]cn2)NC(=O)[C@@H](N)Cc2ccccc2)CC#CCSC[C@@H](C(=O)N[C@@H](CC(C)C)C(=O)N[C@H](C(=O)N2CCC[C@H]2C(=O)N2CCC[C@H]2C(N)=O)[C@@H](C)CC)NC1=O,23.0
CHEMBL5080817,CC[C@H](C)[C@@H]1NC(=O)[C@@H]2CCCN2C(=O)[C@H](Cc2ccc(O)cc2)NC(=O)CCCCn2cc(nn2)CSC[C@@H](C(=O)N[C@@H](CC(C)C)C(N)=O)NC1=O,100000.0
CHEMBL5075728,CC[C@H](C)[C@@H]1NC(=O)[C@@H]2CCCN2C(=O)[C@H](Cc2ccc(O)cc2)NC(=O)CCCCn2cc(nn2)COC[C@@H](C(=O)N[C@@H](CC(C)C)C(N)=O)NC1=O,100000.0
CHEMBL5075208,CC[C@H](C)[C@@H]1NC(=O)[C@@H]2CCCN2C(=O)[C@H](Cc2ccccc2)NC(=O)CCCc2cn(nn2)C[C@@H](C(=O)N[C@@H](CC(C)C)C(N)=O)NC1=O,100000.0
CHEMBL5090068,CC[C@H](C)[C@@H]1NC(=O)[C@@H]2CCCN2C(=O)[C@H](Cc2ccccc2)NC(=O)CCCc2cn(nn2)CC[C@@H](C(=O)N[C@@H](CC(C)C)C(N)=O)NC1=O,100000.0
CHEMBL5083351,CC[C@H](C)[C@@H]1NC(=O)[C@@H]2CCCN2C(=O)[C@H](Cc2ccc(O)cc2)NC(=O)CCCCn2nncc2CSC[C@@H](C(=O)N[C@@H](CC(C)C)C(N)=O)NC1=O,100000.0
CHEMBL5078122,CC[C@H](C)[C@@H]1NC(=O)[C@@H]2CCCN2C(=O)[C@H](Cc2ccc(O)cc2)NC(=O)CCCCn2nncc2COC[C@@H](C(=O)N[C@@H](CC(C)C)C(N)=O)NC1=O,100000.0
CHEMBL5079853,CC[C@H](C)[C@@H]1NC(=O)[C@@H]2CCCN2C(=O)[C@H](Cc2ccccc2)NC(=O)CCCCn2nncc2COC[C@@H](C(=O)N[C@@H](CC(C)C)C(N)=O)NC1=O,100000.0
CHEMBL5083250,CC[C@H](C)[C@@H]1NC(=O)[C@@H]2CCCN2C(=O)[C@H](C)NC(=O)CCCCn2nncc2COC[C@@H](C(=O)N[C@@H](CC(C)C)C(N)=O)NC1=O,100000.0
CHEMBL5084686,CC[C@H](C)[C@@H]1NC(=O)[C@@H]2CCCN2C(=O)CNC(=O)CCCCn2nncc2COC[C@@H](C(=O)N[C@@H](CC(C)C)C(N)=O)NC1=O,100000.0
CHEMBL5093419,CC[C@H](C)[C@@H]1NC(=O)[C@@H]2CCCN2C(=O)CNC(=O)CCCn2nncc2COC[C@@H](C(=O)N[C@@H](CC(C)C)C(N)=O)NC1=O,100000.0
CHEMBL5073912,CC[C@H](C)[C@@H]1NC(=O)[C@@H]2CCCN2C(=O)CNC(=O)CCCc2cn(nn2)CC[C@@H](C(=O)N[C@@H](CC(C)C)C(N)=O)NC1=O,100000.0
CHEMBL5093036,CC[C@H](C)[C@@H]1NC(=O)[C@@H]2CCCN2C(=O)CNC(=O)CCCc2cnnn2C[C@@H](C(=O)N[C@@H](CC(C)C)C(N)=O)NC1=O,100000.0
CHEMBL5092959,CC[C@H](C)[C@@H]1NC(=O)[C@@H]2CCCN2C(=O)[C@H](Cc2ccc(O)cc2)NC(=O)CCc2cnnn2CC[C@@H](C(=O)N[C@@H](CC(C)C)C(N)=O)NC1=O,100000.0
CHEMBL5092776,CC[C@H](C)[C@@H]1NC(=O)[C@@H]2CCCN2C(=O)CNC(=O)CCCc2cnnn2CC[C@@H](C(=O)N[C@@H](CC(C)C)C(N)=O)NC1=O,100000.0
CHEMBL5077261,C=C1/C=C/CCCC(=O)N[C@@H](C)C(=O)N2CCC[C@H]2C(=O)N[C@@H]([C@@H](C)CC)C(=O)N[C@H](C(=O)N[C@@H](CC(C)C)C(N)=O)CSC1,100000.0
CHEMBL5077919,C=C1/C=C/COC[C@@H](C(=O)N[C@@H](CC(C)C)C(N)=O)NC(=O)[C@H]([C@@H](C)CC)NC(=O)[C@@H]2CCCN2C(=O)CNC(=O)CC1,100000.0
CHEMBL5088053,C=C1/C=C/COC[C@@H](C(=O)N[C@@H](CC(C)C)C(N)=O)NC(=O)[C@H]([C@@H](C)CC)NC(=O)[C@@H]2CCCN2C(=O)CNC(=O)C1,98000.0
CHEMBL5074844,CC[C@H](C)[C@@H]1NC(=O)[C@@H]2CCCN2C(=O)[C@H](C)NC(=O)CCC/C=C/COC[C@@H](C(=O)N[C@@H](CC(C)C)C(N)=O)NC1=O,100000.0
CHEMBL5074453,CC[C@H](C)[C@@H]1NC(=O)[C@@H]2CCCN2C(=O)[C@H](C)NC(=O)CCCC#CC#CCOC[C@@H](C(=O)N[C@@H](CC(C)C)C(N)=O)NC1=O,100000.0
CHEMBL5093948,CC[C@H](C)[C@@H]1NC(=O)[C@@H]2CCCN2C(=O)CNC(=O)CCCC#CC#CCOC[C@@H](C(=O)N[C@@H](CC(C)C)C(N)=O)NC1=O,100000.0
CHEMBL5084433,CC[C@H](C)[C@@H]1NC(=O)[C@@H]2CCCN2C(=O)[C@H](C)NC(=O)c2ccccc2/C=C/COC[C@@H](C(=O)N[C@@H](CC(C)C)C(N)=O)NC1=O,100000.0
CHEMBL5081452,CC(C)C[C@H](CC(=O)[C@@H]1COCc2cnnn2CCCCC(=O)NCC(=O)N2CCC[C@H]2C(=O)C[C@@H](C)C(=O)C1)C(N)=O,91000.0
CHEMBL5083076,CC(C)C[C@H](NC(=O)[C@@H]1COCc2cnnn2CCCCC(=O)NCC(=O)N2CCC[C@H]2C(=O)N[C@@H](CC2CCCCC2)C(=O)N1)C(N)=O,100000.0
CHEMBL5087475,CC(C)C[C@H](NC(=O)[C@@H]1COCc2cnnn2CCCCC(=O)NCC(=O)N2CCC[C@H]2C(=O)N[C@@H](CC(C)C)C(=O)N1)C(N)=O,60000.0
CHEMBL5084212,CCCC[C@@H]1NC(=O)[C@@H]2CCCN2C(=O)CNC(=O)CCCCn2nncc2COC[C@@H](C(=O)N[C@@H](CC(C)C)C(N)=O)NC1=O,48000.0
CHEMBL5093360,CC(C)C[C@H](NC(=O)[C@@H]1COCc2cnnn2CCCCC(=O)NCC(=O)N2CCC[C@H]2C(=O)N[C@@H](CC2CC2)C(=O)N1)C(N)=O,32000.0
CHEMBL5072596,CC(C)C[C@H](NC(=O)[C@@H]1COCc2cnnn2CCCCC(=O)NCC(=O)N2CCC[C@H]2C(=O)N[C@@H](Cc2ccccc2)C(=O)N1)C(N)=O,38000.0
CHEMBL5083090,CC(C)C[C@H](NC(=O)[C@@H]1COCc2cnnn2CCCCC(=O)NCC(=O)N2CCC[C@H]2C(=O)N[C@H](Cc2ccccc2)C(=O)N1)C(N)=O,82000.0
CHEMBL5071433,CC(C)C[C@H](NC(=O)[C@@H]1COCc2cnnn2CCCCC(=O)NCC(=O)N2CCC[C@H]2C(=O)N[C@@H](c2ccccc2)C(=O)N1)C(N)=O,100000.0
CHEMBL5088241,CC(C)C[C@H](NC(=O)[C@@H]1COCc2cnnn2CCCCC(=O)NCC(=O)N2CCC[C@H]2C(=O)N[C@@H](Cc2c[nH]c3ccccc23)C(=O)N1)C(N)=O,18000.0
CHEMBL5075687,CC(C)C[C@H](NC(=O)[C@@H]1COCc2cnnn2CCCCC(=O)NCC(=O)N2CCC[C@H]2C(=O)N[C@@H](Cc2cccc3ccccc23)C(=O)N1)C(N)=O,7100.0
CHEMBL5092205,CC(C)C[C@H](NC(=O)[C@@H]1COCc2cnnn2CCCCC(=O)NCC(=O)N2CCC[C@H]2C(=O)N[C@@H](Cc2ccc3ccccc3c2)C(=O)N1)C(N)=O,9500.0
CHEMBL5083699,CC(C)C[C@H](NC(=O)[C@@H]1COCc2cnnn2CCCCC(=O)NCC(=O)N2CCC[C@H]2C(=O)N[C@@H](Cc2cccnc2)C(=O)N1)C(N)=O,41000.0
CHEMBL5080225,CC(C)C[C@H](NC(=O)[C@@H]1COCc2cnnn2CCCCC(=O)NCC(=O)N2CCC[C@H]2C(=O)N[C@@H](Cc2cccs2)C(=O)N1)C(N)=O,53000.0
CHEMBL5076494,CC(C)C[C@H](NC(=O)[C@@H]1COCc2cnnn2CCCCC(=O)NCC(=O)N2CCC[C@H]2C(=O)N[C@@H](Cc2ccccc2Cl)C(=O)N1)C(N)=O,100000.0
CHEMBL5078823,CC(C)C[C@H](NC(=O)[C@@H]1COCc2cnnn2CCCCC(=O)NCC(=O)N2CCC[C@H]2C(=O)N[C@@H](Cc2ccc(Cl)cc2)C(=O)N1)C(N)=O,74000.0
CHEMBL5092321,CC(C)C[C@H](NC(=O)[C@@H]1COCc2cnnn2CCCCC(=O)NCC(=O)N2CCCC[C@H]2C(=O)N[C@@H](Cc2cccc3ccccc23)C(=O)N1)C(N)=O,7700.0
CHEMBL5070479,CC(C)C[C@H](NC(=O)[C@@H]1COCc2cnnn2CCCCC(=O)NCC(=O)N2CC[C@H]2C(=O)N[C@@H](Cc2cccc3ccccc23)C(=O)N1)C(N)=O,32000.0
CHEMBL5081764,CC(C)C[C@H](NC(=O)[C@@H]1COCc2cnnn2CCCCC(=O)NCC(=O)N2CCCCC[C@H]2C(=O)N[C@@H](Cc2cccc3ccccc23)C(=O)N1)C(N)=O,55000.0
CHEMBL5094585,CC(=O)N[C@@H](Cc1cccc2ccccc12)C(=O)N[C@@H](COCc1cnnn1CCCCC(=O)NCC(N)=O)C(=O)N[C@@H](CC(C)C)C(N)=O,38000.0
CHEMBL5078607,CC(C)C[C@H](NC(=O)[C@@H]1COCc2cnnn2CCCCC(=O)NCC(=O)N2C[C@H](O)C[C@H]2C(=O)N[C@@H](Cc2cccc3ccccc23)C(=O)N1)C(N)=O,95000.0
CHEMBL5091680,CC(C)C[C@H](NC(=O)[C@@H]1COCc2cnnn2CCCCC(=O)NCC(=O)N2CC[C@@H](O)[C@H]2C(=O)N[C@@H](Cc2cccc3ccccc23)C(=O)N1)C(N)=O,70000.0
CHEMBL5071769,CC(C)C[C@H](NC(=O)[C@@H]1COCc2cnnn2CCCCC(=O)NCC(=O)N2CCOC[C@H]2C(=O)N[C@@H](Cc2cccc3ccccc23)C(=O)N1)C(N)=O,6500.0
CHEMBL5082312,CC(C)C[C@H](NC(=O)[C@@H]1COCc2cnnn2CCCCC(=O)NCC(=O)N(C)[C@@H](C(C)C)C(=O)N[C@@H](Cc2cccc3ccccc23)C(=O)N1)C(N)=O,100000.0
CHEMBL5077810,CC(C)C[C@H](NC(=O)[C@@H]1COCc2cnnn2CCCCC(=O)NCC(=O)NC(C)(C)C(=O)N[C@@H](Cc2cccc3ccccc23)C(=O)N1)C(N)=O,20000.0
CHEMBL5094784,CC(C)C[C@H](NC(=O)[C@@H]1COCc2cnnn2CCCCC(=O)NCC(=O)N2Cc3ccccc3C[C@H]2C(=O)N[C@@H](Cc2cccc3ccccc23)C(=O)N1)C(N)=O,5800.0
CHEMBL5082436,C[C@H](NC(=O)[C@@H]1COCc2cnnn2CCCCC(=O)NCC(=O)N2CCC[C@H]2C(=O)N[C@@H](Cc2cccc3ccccc23)C(=O)N1)C(N)=O,37000.0
CHEMBL5086801,NC(=O)[C@@H](NC(=O)[C@@H]1COCc2cnnn2CCCCC(=O)NCC(=O)N2CCC[C@H]2C(=O)N[C@@H](Cc2cccc3ccccc23)C(=O)N1)C1CCCCC1,78000.0
CHEMBL5082248,NC(=O)[C@H](CC1CCCCC1)NC(=O)[C@@H]1COCc2cnnn2CCCCC(=O)NCC(=O)N2CCC[C@H]2C(=O)N[C@@H](Cc2cccc3ccccc23)C(=O)N1,100000.0
CHEMBL5079991,CCCC[C@H](NC(=O)[C@@H]1COCc2cnnn2CCCCC(=O)NCC(=O)N2CCC[C@H]2C(=O)N[C@@H](Cc2cccc3ccccc23)C(=O)N1)C(N)=O,100000.0
CHEMBL5081269,NC(=O)[C@H](CC1CC1)NC(=O)[C@@H]1COCc2cnnn2CCCCC(=O)NCC(=O)N2CCC[C@H]2C(=O)N[C@@H](Cc2cccc3ccccc23)C(=O)N1,29000.0
CHEMBL5076240,NC(=O)C[C@H](NC(=O)[C@@H]1COCc2cnnn2CCCCC(=O)NCC(=O)N2CCC[C@H]2C(=O)N[C@@H](Cc2cccc3ccccc23)C(=O)N1)C(N)=O,48000.0
CHEMBL5093615,NC(=O)CC[C@H](NC(=O)[C@@H]1COCc2cnnn2CCCCC(=O)NCC(=O)N2CCC[C@H]2C(=O)N[C@@H](Cc2cccc3ccccc23)C(=O)N1)C(N)=O,50000.0
CHEMBL5078754,CC(C)C[C@@H](C(N)=O)N(C)C(=O)[C@@H]1COCc2cnnn2CCCCC(=O)NCC(=O)N2CCC[C@H]2C(=O)N[C@@H](Cc2cccc3ccccc23)C(=O)N1,26000.0
CHEMBL5089045,CC(C)C[C@H](NC(=O)[C@@H]1COCc2cnnn2CCCCC(=O)N[C@@H](C)C(=O)N2CCC[C@H]2C(=O)N[C@@H](Cc2cccc3ccccc23)C(=O)N1)C(N)=O,9700.0
CHEMBL5076675,CC(C)C[C@H](NC(=O)[C@@H]1COCc2cnnn2CCCCC(=O)N[C@H](C)C(=O)N2CCC[C@H]2C(=O)N[C@@H](Cc2cccc3ccccc23)C(=O)N1)C(N)=O,25000.0
CHEMBL5082880,CC(C)C[C@H](NC(=O)[C@@H]1COCc2cnnn2CCCCC(=O)N[C@@H](CC(=O)O)C(=O)N2CCC[C@H]2C(=O)N[C@@H](Cc2cccc3ccccc23)C(=O)N1)C(N)=O,66000.0
CHEMBL5088845,CC(C)C[C@H](NC(=O)[C@@H]1COCc2cnnn2CCCCC(=O)N[C@@H](CCC(=O)O)C(=O)N2CCC[C@H]2C(=O)N[C@@H](Cc2cccc3ccccc23)C(=O)N1)C(N)=O,49000.0
CHEMBL5082252,CC(C)C[C@H](NC(=O)[C@@H]1COCc2cnnn2CCCCC(=O)N[C@H](CC(=O)O)C(=O)N2CCC[C@H]2C(=O)N[C@@H](Cc2cccc3ccccc23)C(=O)N1)C(N)=O,77000.0
CHEMBL5078080,CC(C)C[C@H](NC(=O)[C@@H]1COCc2cnnn2CCCCC(=O)N[C@H](CCC(=O)O)C(=O)N2CCC[C@H]2C(=O)N[C@@H](Cc2cccc3ccccc23)C(=O)N1)C(N)=O,100000.0
CHEMBL5082155,CC(C)C[C@H](NC(=O)[C@@H]1COCc2cnnn2CC(=O)NCC(=O)N2CCC[C@H]2C(=O)N[C@@H](Cc2cccc3ccccc23)C(=O)N1)C(N)=O,9600.0
CHEMBL5086194,CC(C)C[C@H](NC(=O)[C@@H]1COCc2cnnn2CCC(=O)NCC(=O)N2CCC[C@H]2C(=O)N[C@@H](Cc2cccc3ccccc23)C(=O)N1)C(N)=O,7000.0
CHEMBL5079007,CC(C)C[C@H](NC(=O)[C@@H]1COCc2cnnn2CCCC(=O)NCC(=O)N2CCC[C@H]2C(=O)N[C@@H](Cc2cccc3ccccc23)C(=O)N1)C(N)=O,10000.0
CHEMBL5078981,CC(C)C[C@H](NC(=O)[C@@H]1COCc2cnnn2CCCCC(=O)N2CCC[C@H]2C(=O)N[C@@H](Cc2cccc3ccccc23)C(=O)N1)C(N)=O,48000.0
CHEMBL5071531,CC(C)C[C@H](NC(=O)[C@@H]1COCc2cnnn2CCCCCC(=O)N2CCC[C@H]2C(=O)N[C@@H](Cc2cccc3ccccc23)C(=O)N1)C(N)=O,12000.0
CHEMBL5093669,CC(C)C[C@H](NC(=O)[C@@H]1COCc2cnnn2CCCCCCCC(=O)N2CCC[C@H]2C(=O)N[C@@H](Cc2cccc3ccccc23)C(=O)N1)C(N)=O,81000.0
CHEMBL5093096,CC(C)C[C@H](NC(=O)[C@@H]1COCc2cnnn2CCCCCCCCCC(=O)N2CCC[C@H]2C(=O)N[C@@H](Cc2cccc3ccccc23)C(=O)N1)C(N)=O,28000.0
CHEMBL5094359,CC(C)C[C@H](NC(=O)[C@H]1CSCc2cnnn2CCCCC(=O)NCC(=O)N2CCC[C@H]2C(=O)N[C@@H](Cc2cccc3ccccc23)C(=O)N1)C(N)=O,11000.0
CHEMBL5090614,CC(C)C[C@H](NC(=O)[C@H]1CCCc2cnnn2CCCCC(=O)NCC(=O)N2CCC[C@H]2C(=O)N[C@@H](Cc2cccc3ccccc23)C(=O)N1)C(N)=O,19000.0
CHEMBL5076432,CC(C)C[C@H](NC(=O)[C@H]1Cc2cnnn2CCCCC(=O)NCC(=O)N2CCC[C@H]2C(=O)N[C@@H](Cc2cccc3ccccc23)C(=O)N1)C(N)=O,65000.0
CHEMBL5084589,CC(C)C[C@H](NC(=O)[C@H]1Cn2nncc2CCCC(=O)NCC(=O)N2CCC[C@H]2C(=O)N[C@@H](Cc2cccc3ccccc23)C(=O)N1)C(N)=O,31000.0
CHEMBL5087378,CC(C)C[C@H](NC(=O)[C@H]1CCn2nncc2CCCC(=O)NCC(=O)N2CCC[C@H]2C(=O)N[C@@H](Cc2cccc3ccccc23)C(=O)N1)C(N)=O,13000.0
CHEMBL5088437,CC(C)C[C@H](NC(=O)[C@H]1COCc2cn(nn2)CCCCC(=O)NCC(=O)N2CCC[C@H]2C(=O)N[C@@H](Cc2cccc3ccccc23)C(=O)N1)C(N)=O,100000.0
CHEMBL5075344,CC(C)C[C@H](NC(=O)[C@H]1COCc2cnnn2CCCCC(=O)NCC(=O)N2CCC[C@H]2C(=O)N[C@@H](Cc2cccc3ccccc23)C(=O)N1)C(=O)N[C@@H](C)C(=O)N1CCC[C@H]1C(N)=O,46000.0
CHEMBL5081734,CC(=O)N[C@@H](CC(=O)O)C(=O)N[C@H]1CCCn2nncc2COC[C@H](C(=O)N[C@@H](CC(C)C)C(N)=O)NC(=O)[C@H](Cc2cccc3ccccc23)NC(=O)[C@@H]2CCCN2C(=O)CNC1=O,38000.0
CHEMBL5077657,CC(=O)N[C@@H](CCC(=O)O)C(=O)N[C@H]1CCCn2nncc2COC[C@H](C(=O)N[C@@H](CC(C)C)C(N)=O)NC(=O)[C@H](Cc2cccc3ccccc23)NC(=O)[C@@H]2CCCN2C(=O)CNC1=O,93000.0
CHEMBL5085761,CC(=O)N[C@@H](CC(=O)O)C(=O)N[C@H]1CCCn2nncc2COC[C@@H](C(=O)N[C@@H](CC(C)C)C(=O)N[C@@H](C)C(=O)N2CCC[C@H]2C(N)=O)NC(=O)[C@H](Cc2cccc3ccccc23)NC(=O)[C@@H]2CCCN2C(=O)CNC1=O,40000.0
CHEMBL5081925,CC(=O)N[C@@H](CCC(=O)O)C(=O)N[C@H]1CCCn2nncc2COC[C@@H](C(=O)N[C@@H](CC(C)C)C(=O)N[C@@H](C)C(=O)N2CCC[C@H]2C(N)=O)NC(=O)[C@H](Cc2cccc3ccccc23)NC(=O)[C@@H]2CCCN2C(=O)CNC1=O,83000.0
CHEMBL5082453,CC[C@@H](C)[C@@H]1NC(=O)[C@@H]2CCCN2C(=O)[C@H](Cc2ccc(O)cc2)NC(=O)[C@@H](NC(=O)[C@H](CC(=O)O)NC(C)=O)CCCn2nncc2COC[C@@H](C(=O)N[C@@H](CC(C)C)C(=O)N[C@@H](CC(C)C)C(=O)N2CCC[C@H]2C(N)=O)NC1=O,89000.0
CHEMBL5079807,CC[C@@H](C)[C@@H]1NC(=O)[C@@H]2CCCN2C(=O)[C@H](Cc2ccc(O)cc2)NC(=O)[C@@H](NC(=O)[C@H](CC(=O)O)NC(=O)[C@H](Cc2ccc(O)cc2)NC(=O)[C@H](Cc2ccccc2)NC(=O)[C@H](CC2=NCN=C2)NC(=O)[C@H](Cc2ccccc2)NC(C)=O)CCCn2nncc2COC[C@@H](C(=O)N[C@@H](CC(C)C)C(=O)N[C@@H](CC(C)C)C(=O)N2CCC[C@H]2C(C)N2CCC[C@H]2C(N)=O)NC1=O,8600.0
CHEMBL5090997,CC(=O)N[C@@H](Cc1ccccc1)C(=O)N[C@@H](Cc1cnc[nH]1)C(=O)N[C@@H](Cc1ccccc1)C(=O)N[C@@H](Cc1ccc(O)cc1)C(=O)N[C@@H](CC(=O)O)C(=O)N[C@H]1CCCn2nncc2COC[C@@H](C(=O)N[C@@H](CC(C)C)C(=O)N[C@@H](CC(C)C)C(=O)N2CCC[C@H]2C(C)N2CCC[C@H]2C(N)=O)NC(=O)[C@H](Cc2ccc3ccccc3c2)NC(=O)[C@@H]2CCCN2C(=O)[C@H](Cc2ccc(O)cc2)NC1=O,3300.0
CHEMBL5196734,C=CC(=O)N1CCN(c2nc(NC3CCN(C)CC3)nc3c(F)c(-c4c(C)ccc5[nH]ncc45)c(Cl)cc23)CC1,470.0
CHEMBL5199429,C=CC(=O)N1CC2(C1)CN(c1nc(NC3CCN(C)CC3)nc3c(F)c(-c4c(C)ccc5[nH]ncc45)c(Cl)cc13)C2,3000.0
CHEMBL5208546,C=CC(=O)N1CC2(CCN(c3nc(NC4CCN(C)CC4)nc4c(F)c(-c5c(C)ccc6[nH]ncc56)c(Cl)cc34)C2)C1,160.0
CHEMBL5204061,C=CC(=O)N1CC2(CCN(c3nc(NC4CCN(C)CC4)nc4c(F)c(-c5c(C)ccc6[nH]ncc56)c(Cl)cc34)CC2)C1,350.0
CHEMBL5208763,C=CC(=O)N1CCC2(C1)CN(c1nc(NC3CCN(C)CC3)nc3c(F)c(-c4c(C)ccc5[nH]ncc45)c(Cl)cc13)C2,18000.0
CHEMBL5170321,C=CC(=O)N1CCC2(CC1)CN(c1nc(NC3CCN(C)CC3)nc3c(F)c(-c4c(C)ccc5[nH]ncc45)c(Cl)cc13)C2,30000.0
CHEMBL5209329,C=CC(=O)N1CC2(CCN(c3nc(OC4CCN(C)CC4)nc4c(F)c(-c5c(C)ccc6[nH]ncc56)c(Cl)cc34)CC2)C1,70.0
CHEMBL5205152,C=CC(=O)N1CC2(CCN(c3nc(OC4CCN(CC)CC4)nc4c(F)c(-c5c(C)ccc6[nH]ncc56)c(Cl)cc34)CC2)C1,77.0
CHEMBL5181293,C=CC(=O)N1CC2(CCN(c3nc(SC4CCN(CC)CC4)nc4c(F)c(-c5c(C)ccc6[nH]ncc56)c(Cl)cc34)CC2)C1,940.0
CHEMBL5187482,C=CC(=O)N1CC2(CCN(c3nc(N(C)C4CCN(CC)CC4)nc4c(F)c(-c5c(C)ccc6[nH]ncc56)c(Cl)cc34)CC2)C1,3200.0
CHEMBL5193630,CCN1CCC(Oc2nc(N3CCC4(CC3)CN(C(=O)/C=C/CN3CCOCC3)C4)c3cc(Cl)c(-c4c(C)ccc5[nH]ncc45)c(F)c3n2)CC1,10000.0
CHEMBL5181467,C=CC(=O)N1CC2(CCN(c3nc(OCC4CCN(C)CC4)nc4c(F)c(-c5c(C)ccc6[nH]ncc56)c(Cl)cc34)CC2)C1,130.0
CHEMBL5191000,C=CC(=O)N1CC2(CCN(c3nc(OCCN(C)C)nc4c(F)c(-c5c(C)ccc6[nH]ncc56)c(Cl)cc34)CC2)C1,340.0
CHEMBL5186010,C=CC(=O)N1CC2(CCN(c3nc(OCCCN(C)C)nc4c(F)c(-c5c(C)ccc6[nH]ncc56)c(Cl)cc34)CC2)C1,260.0
CHEMBL5196761,C=CC(=O)N1CC2(CCN(c3nc(OC4(CN(C)C)CCC4)nc4c(F)c(-c5c(C)ccc6[nH]ncc56)c(Cl)cc34)CC2)C1,770.0
CHEMBL5206689,C=CC(=O)N1CC2(CCN(c3nc(OCCCN4CCCCC4)nc4c(F)c(-c5c(C)ccc6[nH]ncc56)c(Cl)cc34)CC2)C1,370.0
CHEMBL5177793,C=CC(=O)N1CC2(CCN(c3nc(OCCCN4CCOCC4)nc4c(F)c(-c5c(C)ccc6[nH]ncc56)c(Cl)cc34)CC2)C1,650.0
CHEMBL5202742,C=CC(=O)N1CC2(CCN(c3nc(OC4CCOCC4)nc4c(F)c(-c5c(C)ccc6[nH]ncc56)c(Cl)cc34)CC2)C1,2100.0
CHEMBL5201714,CC1CCN(C[C@@H]2NC(=O)[C@H](CCCNC(=N)N)NC(=O)[C@H](Cc3ccccc3)NC(=O)[C@H](CC(N)=O)NC(=O)[C@H](CCCNC(=N)N)NC(=O)[C@H](Cc3ccccc3)NC(=O)[C@H](CC(N)=O)NC(=O)[C@H](C(C)C)NC(=O)[C@H](Cc3ccccc3)NC(=O)[C@H](Cc3ccc(O)cc3)NC(=O)CSC[C@@H](CNCC(N)=O)NC(=O)[C@H](CCCNC(=N)N)NC(=O)[C@H](Cc3ccccc3)NC2=O)CC1,800.0
CHEMBL5176868,C=Cc1ncc2n1CCN(c1nc(=O)n(-c3c(C)ccnc3C(C)C)c3nc(-c4c(O)cccc4F)c(F)cc13)C2,100.0
CHEMBL5207895,C=Cc1ncc2n1CCN(c1nc(=O)n(CC3CC3)c3nc(-c4c(O)cccc4F)c(F)cc13)C2,100.0
CHEMBL5195479,C=Cc1ncc2n1CCN(c1nc(=O)n(C(C)C)c3nc(-c4c(O)cccc4F)c(F)cc13)C2,100.0
CHEMBL5199804,C=Cc1ncc2n1CCN(c1nc(OCC3CCCN3C)nc3c(F)c(-c4cc(O)cc5ccccc45)c(Cl)cc13)C2,100.0
CHEMBL5183279,C=Cc1ncc2n1CCN(c1nc(OCC3CCCN3C)nc3c(F)c(-c4c(O)cccc4F)c(Cl)cc13)C2,100.0
CHEMBL5177011,C=Cc1ncc2n1CCN(c1nc(OCC3CCCN3C)nc3c(F)c(-c4c(C)ccc5[nH]ncc45)c(Cl)cc13)C2,100.0
CHEMBL5208345,C=Cc1ncc2n1CCN(c1nc(OCCN(C)C)nc3c(F)c(-c4cc(O)cc5ccccc45)c(Cl)cc13)C2,100.0
CHEMBL5183045,C=Cc1ncc2n1CCN(c1nc(OC3CCN(C)CC3)nc3c(F)c(-c4cc(O)cc5ccccc45)c(Cl)cc13)C2,100.0
CHEMBL5175034,C=Cc1ncc2n1CCN(c1nc(OCCN3CCOCC3)nc3c(F)c(-c4cc(O)cc5ccccc45)c(Cl)cc13)C2,100.0
CHEMBL5186009,C=Cc1ncc2n1CCN(c1nc(OC[C@@H]3CCCN3C)nc3c(F)c(-c4cc(O)cc5ccccc45)c(Cl)cc13)C2,100.0
CHEMBL5178985,C=Cc1ncc2n1CCN(c1nc(OC3CCCN(C)C3)nc3c(F)c(-c4cc(O)cc5ccccc45)c(Cl)cc13)C2,100.0
CHEMBL5199232,C=CC(=O)N1CC(F)(Cn2c(=O)c(=O)n(-c3c(C(C)C)cccc3C(C)C)c3nc(-c4cc(O)cc5ccccc45)c(Cl)cc32)C1,100.0
CHEMBL5185658,C=CC(=O)N1CC(F)(Cn2c(=O)c(=O)n(-c3c(C)ccnc3C(C)C)c3nc(-c4ccccc4F)c(Cl)cc32)C1,100.0
CHEMBL5186744,C=CC(=O)N1CC(F)(Cn2c(=O)c(=O)n(-c3c(C)ccnc3C(C)C)c3nc(-c4c(N)cccc4F)c(Cl)cc32)C1,100.0
CHEMBL5176944,C=CC(=O)N1CC(F)(Cn2c(=O)c(=O)n(-c3c(C)ccnc3C(C)C)c3nc(-c4c(F)ccc(F)c4O)c(Cl)cc32)C1,100.0
CHEMBL5196173,C=CC(=O)N1CC(F)(Cn2c(=O)c(=O)n(-c3c(C)ccnc3C(C)C)c3nc(-c4cccc(Cl)c4Cl)c(Cl)cc32)C1,100.0
CHEMBL5195055,C=CC(=O)N1CC(F)(Cn2c(=O)c(=O)n(-c3c(C)ccnc3C(C)C)c3nc(-c4c(Cl)ccc5c4OCO5)c(Cl)cc32)C1,100.0
CHEMBL5189659,CC[C@H](C)[C@@H]1NC(=O)[C@H](Cc2ccc(O)cc2)NC(=O)[C@H](CC(C)C)NC(=O)[C@@H]2CCCN2C(=O)[C@@H](NC(=O)[C@H](CCCNC(=N)N)NC(=O)[C@H](CCCNC(=N)N)NC(C)=O)CSSC[C@@H](C(=O)N[C@@H](CCCNC(=N)N)C(=O)N[C@@H](CCCNC(=N)N)C(N)=O)NC(=O)[C@H](C(C)C)NC(=O)[C@@H]2CCCN2C(=O)[C@H](CC(=O)O)NC(=O)[C@H](Cc2ccc(O)cc2)NC(=O)[C@H](CO)NC1=O,54.0
CHEMBL5197233,CCC[C@@H]1NC(=O)[C@H](Cc2ccc(O)cc2)NC(=O)[C@H](CC(C)C)NC(=O)[C@@H]2CCCN2C(=O)[C@@H](NC(=O)[C@H](CCCNC(=N)N)NC(=O)[C@H](CCCNC(=N)N)NC(C)=O)CSSC[C@@H](C(=O)N[C@@H](CCCNC(=N)N)C(=O)N[C@@H](CCCNC(=N)N)C(N)=O)NC(=O)[C@H](C(C)C)NC(=O)[C@@H]2CCCN2C(=O)[C@H](CC(=O)O)NC(=O)[C@H](Cc2ccc(O)cc2)NC(=O)[C@H](CO)NC1=O,11110.0
CHEMBL5208805,CC(=O)N[C@@H](CCCNC(=N)N)C(=O)N[C@@H](CCCNC(=N)N)C(=O)N[C@H]1CSSC[C@@H](C(=O)N[C@@H](CCCNC(=N)N)C(=O)N[C@@H](CCCNC(=N)N)C(N)=O)NC(=O)[C@H](C(C)C)NC(=O)[C@@H]2CCCN2C(=O)[C@H](CC(=O)O)NC(=O)[C@H](Cc2ccc(O)cc2)NC(=O)[C@H](CO)NC(=O)[C@H](CC2CCCC2)NC(=O)[C@H](Cc2ccc(O)cc2)NC(=O)[C@H](CC(C)C)NC(=O)[C@@H]2CCCN2C1=O,11110.0
CHEMBL5182373,CC(=O)N[C@@H](CCCNC(=N)N)C(=O)N[C@@H](CCCNC(=N)N)C(=O)N[C@H]1CSSC[C@@H](C(=O)N[C@@H](CCCNC(=N)N)C(=O)N[C@@H](CCCNC(=N)N)C(N)=O)NC(=O)[C@H](C(C)C)NC(=O)[C@@H]2CCCN2C(=O)[C@H](CC(=O)O)NC(=O)[C@H](Cc2ccc(O)cc2)NC(=O)[C@H](CO)NC(=O)[C@H](CCC(C)C)NC(=O)[C@H](Cc2ccc(O)cc2)NC(=O)[C@H](CC(C)C)NC(=O)[C@@H]2CCCN2C1=O,11110.0
CHEMBL5176360,CC[C@H](C)[C@@H]1NC(=O)[C@H](CCc2ccccc2)NC(=O)[C@H](CC(C)C)NC(=O)[C@@H]2CCCN2C(=O)[C@@H](NC(=O)[C@H](CCCNC(=N)N)NC(=O)[C@H](CCCNC(=N)N)NC(C)=O)CSSC[C@@H](C(=O)N[C@@H](CCCNC(=N)N)C(=O)N[C@@H](CCCNC(=N)N)C(N)=O)NC(=O)[C@H](C(C)C)NC(=O)[C@@H]2CCCN2C(=O)[C@H](CC(=O)O)NC(=O)[C@H](Cc2ccc(O)cc2)NC(=O)[C@H](CO)NC1=O,1387.0
CHEMBL5176608,CCC[C@@H]1NC(=O)[C@H](CCc2ccccc2)NC(=O)[C@H](CC(C)C)NC(=O)[C@@H]2CCCN2C(=O)[C@@H](NC(=O)[C@H](CCCNC(=N)N)NC(=O)[C@H](CCCNC(=N)N)NC(C)=O)CSSC[C@@H](C(=O)N[C@@H](CCCNC(=N)N)C(=O)N[C@@H](CCCNC(=N)N)C(N)=O)NC(=O)[C@H](C(C)C)NC(=O)[C@@H]2CCCN2C(=O)[C@H](CC(=O)O)NC(=O)[C@H](Cc2ccc(O)cc2)NC(=O)[C@H](CO)NC1=O,11110.0
CHEMBL5193476,CC(=O)N[C@@H](CCCNC(=N)N)C(=O)N[C@@H](CCCNC(=N)N)C(=O)N[C@H]1CSSC[C@@H](C(=O)N[C@@H](CCCNC(=N)N)C(=O)N[C@@H](CCCNC(=N)N)C(N)=O)NC(=O)[C@H](C(C)C)NC(=O)[C@@H]2CCCN2C(=O)[C@H](CC(=O)O)NC(=O)[C@H](Cc2ccc(O)cc2)NC(=O)[C@H](CO)NC(=O)[C@H](CC2CCCC2)NC(=O)[C@H](CCc2ccccc2)NC(=O)[C@H](CC(C)C)NC(=O)[C@@H]2CCCN2C1=O,11110.0
CHEMBL5185206,CC(=O)N[C@@H](CCCNC(=N)N)C(=O)N[C@@H](CCCNC(=N)N)C(=O)N[C@H]1CSSC[C@@H](C(=O)N[C@@H](CCCNC(=N)N)C(=O)N[C@@H](CCCNC(=N)N)C(N)=O)NC(=O)[C@H](C(C)C)NC(=O)[C@@H]2CCCN2C(=O)[C@H](CC(=O)O)NC(=O)[C@H](Cc2ccc(O)cc2)NC(=O)[C@H](CO)NC(=O)[C@H](CCC(C)C)NC(=O)[C@H](CCc2ccccc2)NC(=O)[C@H](CC(C)C)NC(=O)[C@@H]2CCCN2C1=O,11110.0
CHEMBL5169881,CC[C@H](C)[C@@H]1NC(=O)[C@H](Cc2ccc(-c3ccccc3)cc2)NC(=O)[C@H](CC(C)C)NC(=O)[C@@H]2CCCN2C(=O)[C@@H](NC(=O)[C@H](CCCNC(=N)N)NC(=O)[C@H](CCCNC(=N)N)NC(C)=O)CSSC[C@@H](C(=O)N[C@@H](CCCNC(=N)N)C(=O)N[C@@H](CCCNC(=N)N)C(N)=O)NC(=O)[C@H](C(C)C)NC(=O)[C@@H]2CCCN2C(=O)[C@H](CC(=O)O)NC(=O)[C@H](Cc2ccc(O)cc2)NC(=O)[C@H](CO)NC1=O,7.0
CHEMBL5193586,CCC[C@@H]1NC(=O)[C@H](Cc2ccc(-c3ccccc3)cc2)NC(=O)[C@H](CC(C)C)NC(=O)[C@@H]2CCCN2C(=O)[C@@H](NC(=O)[C@H](CCCNC(=N)N)NC(=O)[C@H](CCCNC(=N)N)NC(C)=O)CSSC[C@@H](C(=O)N[C@@H](CCCNC(=N)N)C(=O)N[C@@H](CCCNC(=N)N)C(N)=O)NC(=O)[C@H](C(C)C)NC(=O)[C@@H]2CCCN2C(=O)[C@H](CC(=O)O)NC(=O)[C@H](Cc2ccc(O)cc2)NC(=O)[C@H](CO)NC1=O,604.0
CHEMBL5197029,CC(C)C[C@@H]1NC(=O)[C@@H]2CCCN2C(=O)[C@@H](NC(=O)[C@H](CCCNC(=N)N)NC(=O)[C@H](CCCNC(=N)N)NC(N)=O)CSSC[C@@H](C(=O)N[C@@H](CCCNC(=N)N)C(=O)N[C@@H](CCCNC(=N)N)C(=O)O)NC(=O)[C@H](C(C)C)NC(=O)[C@@H]2CCCN2C(=O)[C@H](CC(=O)O)NC(=O)[C@H](Cc2ccc(O)cc2)NC(=O)[C@H](CO)NC(=O)[C@H](CC2CCCC2)NC(=O)[C@H](Cc2ccc(-c3ccccc3)cc2)NC1=O,11110.0
CHEMBL5204357,CC(=O)N[C@@H](CCCNC(=N)N)C(=O)N[C@@H](CCCNC(=N)N)C(=O)N[C@H]1CSSC[C@@H](C(=O)N[C@@H](CCCNC(=N)N)C(=O)N[C@@H](CCCNC(=N)N)C(N)=O)NC(=O)[C@H](C(C)C)NC(=O)[C@@H]2CCCN2C(=O)[C@H](CC(=O)O)NC(=O)[C@H](Cc2ccc(O)cc2)NC(=O)[C@H](CO)NC(=O)[C@H](CCC(C)C)NC(=O)[C@H](Cc2ccc(-c3ccccc3)cc2)NC(=O)[C@H](CC(C)C)NC(=O)[C@@H]2CCCN2C1=O,11110.0
CHEMBL5173458,CC[C@H](C)[C@@H]1NC(=O)[C@H](CC2CCCCC2)NC(=O)[C@H](CC(C)C)NC(=O)[C@@H]2CCCN2C(=O)[C@@H](NC(=O)[C@H](CCCNC(=N)N)NC(=O)[C@H](CCCNC(=N)N)NC(C)=O)CSSC[C@@H](C(=O)N[C@@H](CCCNC(=N)N)C(=O)N[C@@H](CCCNC(=N)N)C(N)=O)NC(=O)[C@H](C(C)C)NC(=O)[C@@H]2CCCN2C(=O)[C@H](CC(=O)O)NC(=O)[C@H](Cc2ccc(O)cc2)NC(=O)[C@H](CO)NC1=O,161.0
CHEMBL5186176,CCC[C@@H]1NC(=O)[C@H](CC2CCCCC2)NC(=O)[C@H](CC(C)C)NC(=O)[C@@H]2CCCN2C(=O)[C@@H](NC(=O)[C@H](CCCNC(=N)N)NC(=O)[C@H](CCCNC(=N)N)NC(C)=O)CSSC[C@@H](C(=O)N[C@@H](CCCNC(=N)N)C(=O)N[C@@H](CCCNC(=N)N)C(N)=O)NC(=O)[C@H](C(C)C)NC(=O)[C@@H]2CCCN2C(=O)[C@H](CC(=O)O)NC(=O)[C@H](Cc2ccc(O)cc2)NC(=O)[C@H](CO)NC1=O,11110.0
CHEMBL5177503,CC(=O)N[C@@H](CCCNC(=N)N)C(=O)N[C@@H](CCCNC(=N)N)C(=O)N[C@H]1CSSC[C@@H](C(=O)N[C@@H](CCCNC(=N)N)C(=O)N[C@@H](CCCNC(=N)N)C(N)=O)NC(=O)[C@H](C(C)C)NC(=O)[C@@H]2CCCN2C(=O)[C@H](CC(=O)O)NC(=O)[C@H](Cc2ccc(O)cc2)NC(=O)[C@H](CO)NC(=O)[C@H](CC2CCCC2)NC(=O)[C@H](CC2CCCCC2)NC(=O)[C@H](CC(C)C)NC(=O)[C@@H]2CCCN2C1=O,11110.0
CHEMBL5195672,CC(=O)N[C@@H](CCCNC(=N)N)C(=O)N[C@@H](CCCNC(=N)N)C(=O)N[C@H]1CSSC[C@@H](C(=O)N[C@@H](CCCNC(=N)N)C(=O)N[C@@H](CCCNC(=N)N)C(N)=O)NC(=O)[C@H](C(C)C)NC(=O)[C@@H]2CCCN2C(=O)[C@H](CC(=O)O)NC(=O)[C@H](Cc2ccc(O)cc2)NC(=O)[C@H](CO)NC(=O)[C@H](CCC(C)C)NC(=O)[C@H](CC2CCCCC2)NC(=O)[C@H](CC(C)C)NC(=O)[C@@H]2CCCN2C1=O,11110.0
CHEMBL5195518,CC[C@H](C)[C@@H]1NC(=O)[C@H](Cc2ccc(O)cc2)NC(=O)[C@H](CC(C)C)NC(=O)[C@@H]2CCCN2C(=O)[C@@H](NC(=O)[C@H](CCCNC(=N)N)NC(=O)[C@H](CCCNC(=N)N)NC(C)=O)CSSC[C@@H](C(=O)N[C@@H](CCCNC(=N)N)C(=O)N[C@@H](CCCNC(=N)N)C(N)=O)NC(=O)[C@H](C(C)C)NC(=O)[C@@H]2CCCN2C(=O)[C@H](CC(=O)O)NC(=O)[C@H](C(c2ccccc2)c2ccccc2)NC(=O)[C@H](CO)NC1=O,251.0
CHEMBL5192424,CC[C@H](C)[C@@H]1NC(=O)[C@H](Cc2ccc(O)cc2)NC(=O)[C@H](CC(C)C)NC(=O)[C@@H]2CCCN2C(=O)[C@@H](NC(=O)[C@H](CCCNC(=N)N)NC(=O)[C@H](CCCNC(=N)N)NC(C)=O)CSSC[C@@H](C(=O)N[C@@H](CCCNC(=N)N)C(=O)N[C@@H](CCCNC(=N)N)C(N)=O)NC(=O)[C@H](C(C)C)NC(=O)[C@@H]2CCCN2C(=O)[C@H](CC(=O)O)NC(=O)[C@H](Cc2cc(F)c(F)c(F)c2)NC(=O)[C@H](CO)NC1=O,193.0
CHEMBL5204425,CC[C@H](C)[C@@H]1NC(=O)[C@H](Cc2ccc(O)cc2)NC(=O)[C@H](CC(C)C)NC(=O)[C@@H]2CCCN2C(=O)[C@@H](NC(=O)[C@H](CCCNC(=N)N)NC(=O)[C@H](CCCNC(=N)N)NC(C)=O)CSSC[C@@H](C(=O)N[C@@H](CCCNC(=N)N)C(=O)N[C@@H](CCCNC(=N)N)C(N)=O)NC(=O)[C@H](C(C)C)NC(=O)[C@@H]2CCCN2C(=O)[C@H](CC(=O)O)NC(=O)[C@H](CC2CCCCC2)NC(=O)[C@H](CO)NC1=O,1474.0
CHEMBL5171355,CC[C@H](C)[C@@H]1NC(=O)[C@H](Cc2ccc(O)cc2)NC(=O)[C@H](CC(C)C)NC(=O)[C@@H]2CCCN2C(=O)[C@@H](NC(=O)[C@H](CCCNC(=N)N)NC(=O)[C@H](CCCNC(=N)N)NC(C)=O)CSSC[C@@H](C(=O)N[C@@H](CCCNC(=N)N)C(=O)N[C@@H](CCCNC(=N)N)C(N)=O)NC(=O)[C@H](C(C)C)NC(=O)[C@@H]2CCCN2C(=O)[C@H](CC(=O)O)NC(=O)[C@H](C(c2ccccc2)c2ccccc2)NC(=O)[C@H](CCN)NC1=O,11110.0
CHEMBL5171019,CCCC[C@@H]1NC(=O)[C@H]([C@@H](C)CC)NC(=O)[C@H](Cc2ccc(O)cc2)NC(=O)[C@H](CC(C)C)NC(=O)[C@@H]2CCCN2C(=O)[C@@H](NC(=O)[C@H](CCCNC(=N)N)NC(=O)[C@H](CCCNC(=N)N)NC(C)=O)CSSC[C@@H](C(=O)N[C@@H](CCCNC(=N)N)C(=O)N[C@@H](CCCNC(=N)N)C(N)=O)NC(=O)[C@H](C(C)C)NC(=O)[C@@H]2CCCN2C(=O)[C@H](CC(=O)O)NC(=O)[C@H](Cc2ccc(O)cc2)NC1=O,11110.0
CHEMBL5206119,CCCC[C@@H]1NC(=O)[C@H]([C@@H](C)CC)NC(=O)[C@H](Cc2ccc(O)cc2)NC(=O)[C@H](CC(C)C)NC(=O)[C@@H]2CCCN2C(=O)[C@@H](NC(=O)[C@H](CCCNC(=N)N)NC(=O)[C@H](CCCNC(=N)N)NC(C)=O)CSSC[C@@H](C(=O)N[C@@H](CCCNC(=N)N)C(=O)N[C@@H](CCCNC(=N)N)C(N)=O)NC(=O)[C@H](C(C)C)NC(=O)[C@@H]2CCCN2C(=O)[C@H](CC(=O)O)NC(=O)[C@H](CC2CCCCC2)NC1=O,11110.0
CHEMBL5181204,CC[C@H](C)[C@@H]1NC(=O)[C@H](Cc2ccc(O)cc2)NC(=O)[C@H](CC(C)C)NC(=O)[C@@H]2CCCN2C(=O)[C@@H](NC(=O)[C@H](CCCNC(=N)N)NC(=O)[C@H](CCCNC(=N)N)NC(C)=O)CSSC[C@@H](C(=O)N[C@@H](CCCNC(=N)N)C(=O)N[C@@H](CCCNC(=N)N)C(N)=O)NC(=O)[C@H](C(C)C)NC(=O)[C@@H]2CCCN2C(=O)[C@H](CC(=O)O)NC(=O)[C@H](Cc2ccc(O)cc2)NC(=O)[C@H](Cc2cscn2)NC1=O,2269.0
CHEMBL5202925,CC[C@H](C)[C@@H]1NC(=O)[C@H](Cc2ccc(O)cc2)NC(=O)[C@H](CC(C)C)NC(=O)[C@@H]2CCCN2C(=O)[C@@H](NC(=O)[C@H](CCCNC(=N)N)NC(=O)[C@H](CCCNC(=N)N)NC(C)=O)CSSC[C@@H](C(=O)N[C@@H](CCCNC(=N)N)C(=O)N[C@@H](CCCNC(=N)N)C(N)=O)NC(=O)[C@H](C(C)C)NC(=O)[C@@H]2CCCN2C(=O)[C@H](CC(=O)O)NC(=O)[C@H](Cc2cc(F)c(F)c(F)c2)NC(=O)[C@H](Cc2cscn2)NC1=O,11110.0
CHEMBL5206709,CC[C@H](C)[C@@H]1NC(=O)[C@@H](Cc2ccc(-c3ccccc3)cc2)C(=O)[C@H](COC)NC(=O)[C@@H]2CCCN2C(=O)[C@@H](NC(=O)[C@H](CCCNC(=N)N)NC(=O)[C@H](CCCNC(=N)N)NC(C)=O)CSSC[C@@H](C(=O)N[C@@H](CCCNC(=N)N)C(=O)N[C@@H](CCCNC(=N)N)C(N)=O)NC(=O)[C@H](C(C)C)NC(=O)[C@@H]2CCCN2C(=O)[C@H](CC(=O)O)NC(=O)[C@H](Cc2ccc(O)cc2)NC(=O)[C@H](CO)NC1=O,1133.0
CHEMBL5205422,C=CCO[C@H]1CCN2C(=O)[C@@H](NC(=O)[C@H](CCCNC(=N)N)NC(=O)[C@H](CCCNC(=N)N)NC(C)=O)CSSC[C@@H](C(=O)N[C@@H](CCCNC(=N)N)C(=O)N[C@@H](CCCNC(=N)N)C(N)=O)NC(=O)[C@H](C(C)C)NC(=O)[C@@H]3CCCN3C(=O)[C@H](CC(=O)O)NC(=O)[C@H](Cc3ccc(O)cc3)NC(=O)[C@H](CO)NC(=O)[C@H]([C@@H](C)CC)NC(=O)[C@H](Cc3ccc(-c4ccccc4)cc3)NC(=O)[C@H]12,1.0
CHEMBL5203513,C=CCO[C@H]1CCN2C(=O)[C@@H](NC(=O)[C@H](CCCNC(=N)N)NC(=O)[C@H](CCCNC(=N)N)NC(C)=O)CSSC[C@@H](C(=O)N[C@@H](CCCNC(=N)N)C(=O)N[C@@H](CCCNC(=N)N)C(N)=O)NC(=O)[C@H](C(C)C)NC(=O)[C@@H]3CCCN3C(=O)[C@H](CC(=O)O)NC(=O)[C@H](Cc3ccc(O)cc3)NC(=O)[C@H](CO)NC(=O)[C@H]([C@@H](C)CC)NC(=O)[C@H](Cc3ccc(-c4ccccc4)cc3)NC(=O)[C@H](CC3CCC3)NC(=O)[C@H]12,2.0
CHEMBL5172805,CC[C@H](C)[C@@H]1NC(=O)[C@H](Cc2ccc(-c3ccccc3)cc2)NC(=O)[C@H](CC(C)C)NC(=O)[C@@H]2[C@@H](c3ccccc3)CCN2C(=O)[C@@H](NC(=O)[C@H](CCCNC(=N)N)NC(=O)[C@H](CCCNC(=N)N)NC(C)=O)CSSC[C@@H](C(=O)N[C@@H](CCCNC(=N)N)C(=O)N[C@@H](CCCNC(=N)N)C(N)=O)NC(=O)[C@H](C(C)C)NC(=O)[C@@H]2CCCN2C(=O)[C@H](CC(=O)O)NC(=O)[C@H](Cc2ccc(O)cc2)NC(=O)[C@H](CO)NC1=O,1.0
CHEMBL5171215,CC[C@H](C)[C@@H]1NC(=O)[C@H](Cc2ccc(-c3ccccc3)cc2)NC(=O)[C@H](CC2CCC2)NC(=O)[C@@H]2[C@@H](c3ccccc3)CCN2C(=O)[C@@H](NC(=O)[C@H](CCCNC(=N)N)NC(=O)[C@H](CCCNC(=N)N)NC(C)=O)CSSC[C@@H](C(=O)N[C@@H](CCCNC(=N)N)C(=O)N[C@@H](CCCNC(=N)N)C(N)=O)NC(=O)[C@H](C(C)C)NC(=O)[C@@H]2CCCN2C(=O)[C@H](CC(=O)O)NC(=O)[C@H](Cc2ccc(O)cc2)NC(=O)[C@H](CO)NC1=O,7.0
CHEMBL5176621,CC[C@H](C)[C@@H]1NC(=O)[C@H](Cc2ccc(-c3ccccc3)cc2)NC(=O)[C@H](Cc2ccccc2)NC(=O)[C@@H]2[C@@H](c3ccccc3)CCN2C(=O)[C@@H](NC(=O)[C@H](CCCNC(=N)N)NC(=O)[C@H](CCCNC(=N)N)NC(C)=O)CSSC[C@@H](C(=O)N[C@@H](CCCNC(=N)N)C(=O)N[C@@H](CCCNC(=N)N)C(N)=O)NC(=O)[C@H](C(C)C)NC(=O)[C@@H]2CCCN2C(=O)[C@H](CC(=O)O)NC(=O)[C@H](Cc2ccc(O)cc2)NC(=O)[C@H](CO)NC1=O,20.0
CHEMBL5204036,CC[C@H](C)[C@@H]1NC(=O)[C@H](Cc2ccc(-c3ccccc3)cc2)NC(=O)[C@H](CC(C)C)NC(=O)[C@@H]2[C@H]3CC[C@H](C3)N2C(=O)[C@@H](NC(=O)[C@H](CCCNC(=N)N)NC(=O)[C@H](CCCNC(=N)N)NC(C)=O)CSSC[C@@H](C(=O)N[C@@H](CCCNC(=N)N)C(=O)N[C@@H](CCCNC(=N)N)C(N)=O)NC(=O)[C@H](C(C)C)NC(=O)[C@@H]2CCCN2C(=O)[C@H](CC(=O)O)NC(=O)[C@H](Cc2ccc(O)cc2)NC(=O)[C@H](CO)NC1=O,201.0
CHEMBL5200027,CCCCC[C@@H]1NC(=O)[C@@H]2CCCN2C(=O)[C@H](CC(=O)O)NC(=O)[C@H](Cc2ccc(O)cc2)NC(=O)[C@H](CO)NC(=O)[C@H]([C@@H](C)CC)NC(=O)[C@H](Cc2ccc(-c3ccccc3)cc2)NC(=O)[C@H](CC(C)C)NC(=O)[C@@H]2CCCN2C(=O)[C@@H](NC(=O)[C@H](CCCNC(=N)N)NC(=O)[C@H](CCCNC(=N)N)NC(C)=O)CSSC[C@@H](C(=O)N[C@@H](CCCNC(=N)N)C(=O)N[C@@H](CCCNC(=N)N)C(N)=O)NC1=O,5.0
CHEMBL5170078,CC[C@H](C)[C@@H]1NC(=O)[C@H](Cc2ccc(-c3ccccc3)cc2)NC(=O)[C@H](CC(C)C)NC(=O)[C@@H]2CCCN2C(=O)[C@@H](NC(=O)[C@H](CCCNC(=N)N)NC(=O)[C@H](CCCNC(=N)N)NC(C)=O)CSSC[C@@H](C(=O)N[C@@H](CCCNC(=N)N)C(=O)N[C@@H](CCCNC(=N)N)C(N)=O)NC(=O)[C@H](CCC#N)NC(=O)[C@@H]2CCCN2C(=O)[C@H](CC(=O)O)NC(=O)[C@H](Cc2ccc(O)cc2)NC(=O)[C@H](CO)NC1=O,24.0
CHEMBL5185153,CC[C@H](C)[C@@H]1NC(=O)[C@H](Cc2ccc(-c3ccccc3)cc2)NC(=O)[C@H](CC(C)C)NC(=O)[C@@H]2CCCN2C(=O)[C@@H](NC(=O)[C@H](CCCNC(=N)N)NC(=O)[C@H](CCCNC(=N)N)NC(C)=O)CSSC[C@@H](C(=O)N[C@@H](CCCNC(=N)N)C(=O)N[C@@H](CCCNC(=N)N)C(N)=O)NC(=O)[C@H](CCCC(=O)O)NC(=O)[C@@H]2[C@@H](C)CCN2C(=O)[C@H](CC(=O)O)NC(=O)[C@H](Cc2ccc(O)cc2)NC(=O)[C@H](CO)NC1=O,43.0
CHEMBL5198497,CCCCC[C@@H]1NC(=O)[C@@H]2C[C@H](OCC(=O)O)CN2C(=O)[C@H](CC(=O)O)NC(=O)[C@H](Cc2ccc(O)cc2)NC(=O)[C@H](CO)NC(=O)[C@H]([C@@H](C)CC)NC(=O)[C@H](Cc2ccc(-c3ccccc3)cc2)NC(=O)[C@H](CC(C)C)NC(=O)[C@@H]2CCCN2C(=O)[C@@H](NC(=O)[C@H](CCCNC(=N)N)NC(=O)[C@H](CCCNC(=N)N)NC(C)=O)CSSC[C@@H](C(=O)N[C@@H](CCCNC(=N)N)C(=O)N[C@@H](CCCNC(=N)N)C(N)=O)NC1=O,23.0
CHEMBL5200054,CC[C@H](C)[C@@H]1NC(=O)[C@H](Cc2ccc(-c3ccccc3)cc2)NC(=O)[C@H](CC(C)C)NC(=O)[C@@H]2CCCN2C(=O)[C@@H](NC(=O)[C@H](CCCNC(=N)N)NC(=O)[C@H](CCCNC(=N)N)NC(C)=O)CSSC[C@@H](C(=O)N[C@@H](CCCNC(=N)N)C(=O)N[C@@H](CCCNC(=N)N)C(N)=O)NC(=O)[C@H](CC2CCCCC2)NC(=O)[C@@H]2C[C@H](OCC(=O)O)CN2C(=O)[C@H](CC(=O)O)NC(=O)[C@H](Cc2ccc(O)cc2)NC(=O)[C@H](CO)NC1=O,25.0
CHEMBL5185461,CC[C@H](C)[C@@H]1NC(=O)[C@H](Cc2ccc(-c3ccccc3)cc2)NC(=O)[C@H](CC(C)C)NC(=O)[C@@H]2CCCN2C(=O)[C@@H](NC(=O)[C@H](CCCNC(=N)N)NC(=O)[C@H](CCCNC(=N)N)NC(C)=O)CSSC[C@@H](C(=O)N[C@@H](CCCNC(=N)N)C(=O)N[C@@H](CCCNC(=N)N)C(N)=O)NC(=O)[C@H](Cc2ccc(Cl)cc2)NC(=O)[C@@H]2C[C@H](OCC(=O)O)CN2C(=O)[C@H](CC(=O)O)NC(=O)[C@H](Cc2ccc(O)cc2)NC(=O)[C@H](CO)NC1=O,33.0
CHEMBL5193444,CC[C@H](C)[C@@H]1NC(=O)[C@H](Cc2ccc(-c3ccccc3)cc2)NC(=O)[C@H](CC(C)C)NC(=O)[C@@H]2CCCN2C(=O)[C@@H](NC(=O)[C@H](CCCNC(=N)N)NC(=O)[C@H](CCCNC(=N)N)NC(C)=O)CSSC[C@@H](C(=O)N[C@@H](CCCNC(=N)N)C(=O)N[C@@H](CCCNC(=N)N)C(N)=O)NC(=O)[C@H](C(C)C)NC(=O)[C@@H]2CC[C@@H](c3ccccc3)N2C(=O)[C@H](CC(=O)O)NC(=O)[C@H](Cc2ccc(O)cc2)NC(=O)[C@H](CO)NC1=O,94.0
CHEMBL5182829,CC[C@H](C)[C@@H]1NC(=O)[C@H](Cc2ccc(-c3ccccc3)cc2)NC(=O)[C@H](CC(C)C)NC(=O)[C@@H]2[C@@H](c3ccccc3)CCN2CC(=O)[C@@H](NC(=O)[C@H](CCCNC(=N)N)NC(=O)[C@H](CCCNC(=N)N)NC(C)=O)CSSC[C@@H](C(=O)N[C@@H](CCCNC(=N)N)C(=O)N[C@@H](CCCNC(=N)N)C(N)=O)NC(=O)[C@H](C(C)C)NC(=O)[C@@H]2CCCN2C(=O)[C@H](CC(=O)O)NC(=O)[C@H](Cc2ccc(O)cc2)NC(=O)[C@H](CO)NC1=O,1.0
CHEMBL5189930,C=CC[C@H]1CCN2CC(=O)[C@@H](NC(=O)[C@H](CCCNC(=N)N)NC(=O)[C@H](CCCNC(=N)N)NC(C)=O)CSSC[C@@H](C(=O)N[C@@H](CCCNC(=N)N)C(=O)N[C@@H](CCCNC(=N)N)C(N)=O)NC(=O)[C@H](C(C)C)NC(=O)[C@@H]3CCCN3C(=O)[C@H](CC(=O)O)NC(=O)[C@H](Cc3ccc(O)cc3)NC(=O)[C@H](CO)NC(=O)[C@H]([C@@H](C)CC)NC(=O)[C@H](Cc3ccc(-c4ccccc4)cc3)NC(=O)[C@H](CC(C)C)NC(=O)[C@H]12,1.0
CHEMBL5172862,CCCCC[C@@H]1NC(=O)[C@@H]2CCCN2C(=O)[C@H](CC(=O)O)NC(=O)[C@H](Cc2ccc(O)cc2)NC(=O)[C@H](CO)NC(=O)[C@H]([C@@H](C)CC)NC(=O)[C@H](Cc2ccc(-c3ccccc3)cc2)NC(=O)[C@H](CC(C)C)NC(=O)[C@@H]2[C@@H](c3ccccc3)CCN2CC(=O)[C@@H](NC(=O)[C@H](CCCNC(=N)N)NC(=O)[C@H](CCCNC(=N)N)NC(C)=O)CSSC[C@@H](C(=O)N[C@@H](CCCNC(=N)N)C(=O)N[C@@H](CCCNC(=N)N)C(N)=O)NC1=O,1.0
CHEMBL5177687,C=CC[C@H]1CCN2CC(=O)[C@@H](NC(=O)[C@H](CCCNC(=N)N)NC(=O)[C@H](CCCNC(=N)N)NC(C)=O)CSSC[C@@H](C(=O)N[C@@H](CCCNC(=N)N)C(=O)N[C@@H](CCCNC(=N)N)C(N)=O)NC(=O)[C@H](CCCCC)NC(=O)[C@@H]3CCCN3C(=O)[C@H](CC(=O)O)NC(=O)[C@H](Cc3ccc(O)cc3)NC(=O)[C@H](CO)NC(=O)[C@H]([C@@H](C)CC)NC(=O)[C@H](Cc3ccc(-c4ccccc4)cc3)NC(=O)[C@H](CC(C)C)NC(=O)[C@H]12,1.0
CHEMBL5175409,CC[C@H](C)[C@@H]1NC(=O)[C@H](Cc2ccc(-c3ccccc3)cc2)NC(=O)[C@H](CC(C)C)NC(=O)[C@@H]2[C@H](c3ccccc3)CCN2C(=O)[C@@H](NC(=O)[C@H](CCCNC(=N)N)NC(=O)[C@H](CCCNC(=N)N)NC(=O)[C@H](CCCCN=[N+]=[N-])NC(C)=O)CSSC[C@@H](C(=O)N[C@@H](CCCNC(=N)N)C(=O)N[C@@H](CCCNC(=N)N)C(N)=O)NC(=O)[C@H](C(C)C)NC(=O)[C@@H]2CCCN2C(=O)[C@H](CC(=O)O)NC(=O)[C@H](Cc2ccc(O)cc2)NC(=O)[C@H](CO)NC1=O,1.0
CHEMBL5185010,CC[C@H](C)[C@@H]1NC(=O)[C@H](Cc2ccc(-c3ccccc3)cc2)NC(=O)[C@H](CC(C)C)NC(=O)[C@@H]2[C@H](c3ccccc3)CCN2C(=O)[C@@H](NC(=O)[C@H](CCCNC(=N)N)NC(=O)[C@H](CCCNC(=N)N)NC(C)=O)CSSC[C@@H](C(=O)N[C@@H](CCCNC(=N)N)C(=O)N[C@@H](CCCNC(=N)N)C(N)=O)NC(=O)[C@H](C(C)C)NC(=O)[C@@H]2CCCN2C(=O)[C@H](CC(=O)O)NC(=O)[C@H](Cc2ccc(O)cc2)NC(=O)[C@H](CO)NC(=O)[C@H](C)NC1=O,1.0
CHEMBL5175141,CC(=O)N[C@@H](CCCCN=[N+]=[N-])C(=O)N[C@@H](CCCNC(=N)N)C(=O)N[C@@H](CCCNC(=N)N)C(=O)N[C@H]1CSSC[C@@H](C(=O)N[C@@H](CCCNC(=N)N)C(=O)N[C@@H](CCCNC(=N)N)C(N)=O)NC(=O)[C@H](C(C)C)NC(=O)[C@@H]2CCCN2C(=O)[C@H](CC(=O)O)NC(=O)[C@H](Cc2ccc(O)cc2)NC(=O)[C@H](CO)NC(=O)[C@H](C)NC(=O)[C@H](Cc2ccc(-c3ccccc3)cc2)NC(=O)[C@H](CC(C)C)NC(=O)[C@@H]2[C@@H](c3ccccc3)CCN2C1=O,1.0
CHEMBL2086790,O=S(=O)(NCCOc1ccc2ccccc2c1)c1ccc(NO)cc1,500.0
CHEMBL2086789,O=S(=O)(c1ccc(NO)cc1)N(CCOc1ccc2ccccc2c1)[C@@H]1O[C@H](CO)[C@@H](O)[C@H](O)[C@H]1O,700.0
CHEMBL5176540,Nc1nc2c(ncn2CCN(CCOc2ccc3ccccc3c2)S(=O)(=O)c2ccc(NO)cc2)c(=O)[nH]1,500.0
CHEMBL5178832,C=CC(=O)N1CCN(c2nc(NCCC(=O)N(C)C)nc3c(F)c(-c4cc(O)cc5ccccc45)c(Cl)cc23)CC1,726.0
CHEMBL285848,CCCC[C@@H](C)/C=C(C)/C=C(\C)C(=O)NC1=C[C@@](O)(/C=C/C=C/C=C/C(=O)NC2=C(O)CCC2=O)[C@@H]2O[C@@H]2C1=O,3580.0
CHEMBL5191267,CSCC[C@H](CC(=O)[C@H](/C=C\[C@@H](/C=C/[C@@H](N)CS)C(C)C)Cc1ccccc1)C(=O)O,25000.0
CHEMBL351706,N#Cc1ccc2c(c1)CN(S(=O)(=O)c1cccs1)[C@H](Cc1ccccc1)CN2Cc1c[nH]cn1,2300.0
CHEMBL5206068,CC=C(C#N)C(=O)N1CCN(c2nc(OC[C@@H]3CCCN3C)nc3c2CCN(c2cccc4cccc(Cl)c24)C3)C[C@@H]1CC#N,96.32
CHEMBL5205064,CCC=C(C#N)C(=O)N1CCN(c2nc(OC[C@@H]3CCCN3C)nc3c2CCN(c2cccc4cccc(Cl)c24)C3)C[C@@H]1CC#N,270.88
CHEMBL5194712,CC(C)C=C(C#N)C(=O)N1CCN(c2nc(OC[C@@H]3CCCN3C)nc3c2CCN(c2cccc4cccc(Cl)c24)C3)C[C@@H]1CC#N,283.84
CHEMBL5171974,CN1CCC[C@H]1COc1nc2c(c(N3CCN(C(=O)C(C#N)=CC4CC4)[C@@H](CC#N)C3)n1)CCN(c1cccc3cccc(Cl)c13)C2,25.44
CHEMBL5185805,CN1CCC[C@H]1COc1nc2c(c(N3CCN(C(=O)C(C#N)=CC(C)(C)C)[C@@H](CC#N)C3)n1)CCN(c1cccc3cccc(Cl)c13)C2,639.91
CHEMBL5183988,C=CC(=O)N1C[C@@H]2CCOc3c(Cl)c(-c4c(O)cccc4F)c(F)c4ncnc(c34)N2C[C@H]1C,3.0
CHEMBL5185314,C=CC(=O)N1CCN2c3ncnc4cc(-c5c(C)ccc6[nH]ncc56)c(Cl)c(c34)OC[C@H]2C1,171.0
CHEMBL5172544,C=CC(=O)N1CCN2c3ncnc4cc(-c5c(C)ccc6[nH]ncc56)c(Cl)c(c34)OCC[C@@H]2C1,15460.0
CHEMBL5171553,C=CC(=O)N1CCN2c3ncnc4cc(-c5c(C)ccc6[nH]ncc56)c(Cl)c(c34)OCC[C@H]2C1,9.0
CHEMBL5192093,C=CC(=O)N1C[C@H]2COc3c(Cl)c(-c4c(O)cccc4F)c(F)c4ncnc(c34)N2C[C@H]1C,117.0
CHEMBL5190874,C=CC(=O)N1C[C@H]2COc3c(Cl)c(-c4c(O)cccc4F)c(F)c4ncnc(c34)N2C[C@@H]1C,135.0
CHEMBL5207711,C=CC(=O)N1CCN2c3ncnc4c(F)c(-c5c(O)cccc5F)c(Cl)c(c34)OCC[C@H]2C1,5.0
CHEMBL5173371,C=CC(=O)N1C[C@@H]2CCOc3c(Cl)c(-c4c(O)cccc4F)c(F)c4ncnc(c34)N2C[C@@H]1C,138.0
